sample_id,cell_family,cell_variant,drive_strength,input_arc,inverting,input_count,transistor_count,total_n_width_um,total_p_width_um,Vdd,Temp,slew_ns,Cload_pF,corner,tphl_ns,tplh_ns,delay_avg_ns,power_avg_uW,spice_wall_time_s,status,fidelity,statistical_mode,sw_stat_global,sw_stat_mismatch,released_cdl_path,netlist_path,log_path,ngspice_returncode,candidate_id,seed,heldout_corner,query_order,batch_index,acquisition_phase
21510001,AOI21,AOI21_1,1,"A1_to_ZN__A2=1,B=0",1,3,6,2.15,3.6450000000000005,1.8674043690904207,80.6751638480867,3.647371431157826,0.20468138906144215,ff,4.28828,10.105,7.19664,4.53514,0.7485827920027077,ok,SPICE_GF180MCU_RELEASED_CDL,off,0,0,gf180mcu-pdk/libraries/gf180mcu_fd_sc_mcu7t5v0/latest/cells/aoi21/gf180mcu_fd_sc_mcu7t5v0__aoi21_1.cdl,results/prospective_locked_confirmation/gf180/seed_5/corner_ff/netlists/21510001_aoi21_1_ff.cir,results/prospective_locked_confirmation/gf180/seed_5/corner_ff/logs/21510001_aoi21_1_ff.log,0,50,5,ff,1,1,stopping_evaluation
21510002,AOI21,AOI21_4,4,"A1_to_ZN__A2=1,B=0",1,3,24,8.6,14.399999999999997,1.6311707122334898,87.9815427591383,8.093501711909973,0.034644671929491284,ff,0.584033,2.2406800000000002,1.4123565,0.937219,2.3752943750005215,ok,SPICE_GF180MCU_RELEASED_CDL,off,0,0,gf180mcu-pdk/libraries/gf180mcu_fd_sc_mcu7t5v0/latest/cells/aoi21/gf180mcu_fd_sc_mcu7t5v0__aoi21_4.cdl,results/prospective_locked_confirmation/gf180/seed_5/corner_ff/netlists/21510002_aoi21_4_ff.cir,results/prospective_locked_confirmation/gf180/seed_5/corner_ff/logs/21510002_aoi21_4_ff.log,0,58,5,ff,2,1,stopping_evaluation
21510003,INV,INV_1,1,I_to_ZN,1,1,2,0.82,1.22,1.9341289231589753,54.704654847856716,10.562153551385054,0.18641523989558695,ff,3.61448,6.44175,5.028115,4.50624,0.388559874962084,ok,SPICE_GF180MCU_RELEASED_CDL,off,0,0,gf180mcu-pdk/libraries/gf180mcu_fd_sc_mcu7t5v0/latest/cells/inv/gf180mcu_fd_sc_mcu7t5v0__inv_1.cdl,results/prospective_locked_confirmation/gf180/seed_5/corner_ff/netlists/21510003_inv_1_ff.cir,results/prospective_locked_confirmation/gf180/seed_5/corner_ff/logs/21510003_inv_1_ff.log,0,3,5,ff,3,1,stopping_evaluation
21510004,INV,INV_4,4,I_to_ZN,1,1,8,3.28,4.88,1.9482801321333612,-38.22804971647597,9.76745506734344,0.16047436769785522,ff,1.05481,2.87229,1.96355,4.3831,0.9171787079540081,ok,SPICE_GF180MCU_RELEASED_CDL,off,0,0,gf180mcu-pdk/libraries/gf180mcu_fd_sc_mcu7t5v0/latest/cells/inv/gf180mcu_fd_sc_mcu7t5v0__inv_4.cdl,results/prospective_locked_confirmation/gf180/seed_5/corner_ff/netlists/21510004_inv_4_ff.cir,results/prospective_locked_confirmation/gf180/seed_5/corner_ff/logs/21510004_inv_4_ff.log,0,8,5,ff,4,1,stopping_evaluation
21510005,MUX2,MUX2_1,1,"I0_to_Z__I1=0,S=0",0,3,12,2.6199999999999997,4.295000000000001,1.9479738741274217,-20.359326452614624,5.151324735326622,0.16441924972422883,ff,2.78501,3.27307,3.02904,4.12058,1.3717326660407707,ok,SPICE_GF180MCU_RELEASED_CDL,off,0,0,gf180mcu-pdk/libraries/gf180mcu_fd_sc_mcu7t5v0/latest/cells/mux2/gf180mcu_fd_sc_mcu7t5v0__mux2_1.cdl,results/prospective_locked_confirmation/gf180/seed_5/corner_ff/netlists/21510005_mux2_1_ff.cir,results/prospective_locked_confirmation/gf180/seed_5/corner_ff/logs/21510005_mux2_1_ff.log,0,76,5,ff,5,1,stopping_evaluation
21510006,MUX2,MUX2_4,4,"I0_to_Z__I1=0,S=0",0,3,18,7.380000000000001,10.98,1.6536518924442332,118.35455004767402,2.079858556199218,0.14650063649714082,ff,2.20717,1.91592,2.061545,2.94897,1.856763374991715,ok,SPICE_GF180MCU_RELEASED_CDL,off,0,0,gf180mcu-pdk/libraries/gf180mcu_fd_sc_mcu7t5v0/latest/cells/mux2/gf180mcu_fd_sc_mcu7t5v0__mux2_4.cdl,results/prospective_locked_confirmation/gf180/seed_5/corner_ff/netlists/21510006_mux2_4_ff.cir,results/prospective_locked_confirmation/gf180/seed_5/corner_ff/logs/21510006_mux2_4_ff.log,0,78,5,ff,6,1,stopping_evaluation
21510007,NAND2,NAND2_1,1,A1_to_ZN__A2=1,1,2,4,1.64,2.26,1.8120796730664315,-23.642920444931296,10.337464029255742,0.2057638849090463,ff,5.16367,7.27607,6.21987,4.28251,0.5438949579838663,ok,SPICE_GF180MCU_RELEASED_CDL,off,0,0,gf180mcu-pdk/libraries/gf180mcu_fd_sc_mcu7t5v0/latest/cells/nand2/gf180mcu_fd_sc_mcu7t5v0__nand2_1.cdl,results/prospective_locked_confirmation/gf180/seed_5/corner_ff/netlists/21510007_nand2_1_ff.cir,results/prospective_locked_confirmation/gf180/seed_5/corner_ff/logs/21510007_nand2_1_ff.log,0,15,5,ff,7,1,stopping_evaluation
21510008,NAND2,NAND2_4,4,A1_to_ZN__A2=1,1,2,16,6.5600000000000005,9.04,1.7274246743972863,-17.55443454292988,10.236296517293013,0.20079469243486545,ff,2.26106,3.95532,3.10819,3.97576,1.650443708000239,ok,SPICE_GF180MCU_RELEASED_CDL,off,0,0,gf180mcu-pdk/libraries/gf180mcu_fd_sc_mcu7t5v0/latest/cells/nand2/gf180mcu_fd_sc_mcu7t5v0__nand2_4.cdl,results/prospective_locked_confirmation/gf180/seed_5/corner_ff/netlists/21510008_nand2_4_ff.cir,results/prospective_locked_confirmation/gf180/seed_5/corner_ff/logs/21510008_nand2_4_ff.log,0,18,5,ff,8,1,stopping_evaluation
21510009,NAND3,NAND3_1,1,"A1_to_ZN__A2=1,A3=1",1,3,6,2.46,2.955,1.9738579151574949,116.8180522916451,10.343648935317837,0.14124939959306623,ff,5.1011999999999995,6.17976,5.64048,3.62588,0.7775721249636263,ok,SPICE_GF180MCU_RELEASED_CDL,off,0,0,gf180mcu-pdk/libraries/gf180mcu_fd_sc_mcu7t5v0/latest/cells/nand3/gf180mcu_fd_sc_mcu7t5v0__nand3_1.cdl,results/prospective_locked_confirmation/gf180/seed_5/corner_ff/netlists/21510009_nand3_1_ff.cir,results/prospective_locked_confirmation/gf180/seed_5/corner_ff/logs/21510009_nand3_1_ff.log,0,87,5,ff,9,1,stopping_evaluation
21510010,NAND3,NAND3_4,4,"A1_to_ZN__A2=1,A3=1",1,3,24,9.840000000000002,11.82,1.9413508851468375,70.0225974146927,3.3989589322574076,0.16792183029525426,ff,1.5750899999999999,1.96453,1.76981,4.29612,2.208221083972603,ok,SPICE_GF180MCU_RELEASED_CDL,off,0,0,gf180mcu-pdk/libraries/gf180mcu_fd_sc_mcu7t5v0/latest/cells/nand3/gf180mcu_fd_sc_mcu7t5v0__nand3_4.cdl,results/prospective_locked_confirmation/gf180/seed_5/corner_ff/netlists/21510010_nand3_4_ff.cir,results/prospective_locked_confirmation/gf180/seed_5/corner_ff/logs/21510010_nand3_4_ff.log,0,90,5,ff,10,1,stopping_evaluation
21510011,NOR2,NOR2_1,1,A1_to_ZN__A2=0,1,2,4,1.13,2.44,1.6335991189004608,47.44908862087898,5.993077688500305,0.20285744868865968,ff,4.42235,12.5954,8.508875,3.42106,0.590160374995321,ok,SPICE_GF180MCU_RELEASED_CDL,off,0,0,gf180mcu-pdk/libraries/gf180mcu_fd_sc_mcu7t5v0/latest/cells/nor2/gf180mcu_fd_sc_mcu7t5v0__nor2_1.cdl,results/prospective_locked_confirmation/gf180/seed_5/corner_ff/netlists/21510011_nor2_1_ff.cir,results/prospective_locked_confirmation/gf180/seed_5/corner_ff/logs/21510011_nor2_1_ff.log,0,29,5,ff,11,1,stopping_evaluation
21510012,NOR2,NOR2_4,4,A1_to_ZN__A2=0,1,2,16,4.52,9.76,1.6478907043252615,-22.516767377499363,11.232492739464574,0.010640393189714395,ff,-0.014368899999999999,1.84552,0.91557555,0.398588,1.622255334048532,ok,SPICE_GF180MCU_RELEASED_CDL,off,0,0,gf180mcu-pdk/libraries/gf180mcu_fd_sc_mcu7t5v0/latest/cells/nor2/gf180mcu_fd_sc_mcu7t5v0__nor2_4.cdl,results/prospective_locked_confirmation/gf180/seed_5/corner_ff/netlists/21510012_nor2_4_ff.cir,results/prospective_locked_confirmation/gf180/seed_5/corner_ff/logs/21510012_nor2_4_ff.log,0,32,5,ff,12,1,stopping_evaluation
21510013,OAI21,OAI21_1,1,"A1_to_ZN__A2=0,B=1",1,3,6,2.46,3.57,1.6363402734751349,-37.986060511340916,8.221481062388893,0.17020454431301335,ff,4.73887,10.4305,7.584685,2.89395,0.7915127919986844,ok,SPICE_GF180MCU_RELEASED_CDL,off,0,0,gf180mcu-pdk/libraries/gf180mcu_fd_sc_mcu7t5v0/latest/cells/oai21/gf180mcu_fd_sc_mcu7t5v0__oai21_1.cdl,results/prospective_locked_confirmation/gf180/seed_5/corner_ff/netlists/21510013_oai21_1_ff.cir,results/prospective_locked_confirmation/gf180/seed_5/corner_ff/logs/21510013_oai21_1_ff.log,0,63,5,ff,13,1,stopping_evaluation
21510014,OAI21,OAI21_4,4,"A1_to_ZN__A2=0,B=1",1,3,24,9.840000000000002,12.580000000000004,1.852724556311967,-37.25980702006944,2.90449337903573,0.20192863802894567,ff,1.3221800000000001,2.86902,2.0956,4.5554,1.9071279999916442,ok,SPICE_GF180MCU_RELEASED_CDL,off,0,0,gf180mcu-pdk/libraries/gf180mcu_fd_sc_mcu7t5v0/latest/cells/oai21/gf180mcu_fd_sc_mcu7t5v0__oai21_4.cdl,results/prospective_locked_confirmation/gf180/seed_5/corner_ff/netlists/21510014_oai21_4_ff.cir,results/prospective_locked_confirmation/gf180/seed_5/corner_ff/logs/21510014_oai21_4_ff.log,0,71,5,ff,14,1,stopping_evaluation
21510015,XOR2,XOR2_1,1,A1_to_Z__A2=0,0,2,10,3.1799999999999997,4.779999999999999,1.6893216458903455,-22.51515260422704,1.2195434153888751,0.170508701181523,ff,2.55485,8.28022,5.417535,3.1977,1.0512201249948703,ok,SPICE_GF180MCU_RELEASED_CDL,off,0,0,gf180mcu-pdk/libraries/gf180mcu_fd_sc_mcu7t5v0/latest/cells/xor2/gf180mcu_fd_sc_mcu7t5v0__xor2_1.cdl,results/prospective_locked_confirmation/gf180/seed_5/corner_ff/netlists/21510015_xor2_1_ff.cir,results/prospective_locked_confirmation/gf180/seed_5/corner_ff/logs/21510015_xor2_1_ff.log,0,39,5,ff,15,1,stopping_evaluation
21510016,XOR2,XOR2_4,4,A1_to_Z__A2=0,0,2,18,6.46,8.935,1.6367214631266898,-23.179192885108918,11.326517618878,0.16845095759005713,ff,4.0799900000000004,2.32541,3.2027,3.16809,1.503239541023504,ok,SPICE_GF180MCU_RELEASED_CDL,off,0,0,gf180mcu-pdk/libraries/gf180mcu_fd_sc_mcu7t5v0/latest/cells/xor2/gf180mcu_fd_sc_mcu7t5v0__xor2_4.cdl,results/prospective_locked_confirmation/gf180/seed_5/corner_ff/netlists/21510016_xor2_4_ff.cir,results/prospective_locked_confirmation/gf180/seed_5/corner_ff/logs/21510016_xor2_4_ff.log,0,44,5,ff,16,1,stopping_evaluation
21510017,AOI21,AOI21_1,1,"A1_to_ZN__A2=1,B=0",1,3,6,2.15,3.6450000000000005,1.651127582517281,-14.10204950413236,4.298350160059834,0.06601797885208999,ff,2.12027,4.47506,3.297665,1.16909,0.7217857089708559,ok,SPICE_GF180MCU_RELEASED_CDL,off,0,0,gf180mcu-pdk/libraries/gf180mcu_fd_sc_mcu7t5v0/latest/cells/aoi21/gf180mcu_fd_sc_mcu7t5v0__aoi21_1.cdl,results/prospective_locked_confirmation/gf180/seed_5/corner_ff/netlists/21510017_aoi21_1_ff.cir,results/prospective_locked_confirmation/gf180/seed_5/corner_ff/logs/21510017_aoi21_1_ff.log,0,51,5,ff,17,2,stopping_evaluation
21510018,AOI21,AOI21_4,4,"A1_to_ZN__A2=1,B=0",1,3,24,8.6,14.399999999999997,1.966179439381592,7.006915776055628,1.0105407320845337,0.12412649117574465,ff,0.676439,1.47438,1.0754095,3.26846,2.330013125028927,ok,SPICE_GF180MCU_RELEASED_CDL,off,0,0,gf180mcu-pdk/libraries/gf180mcu_fd_sc_mcu7t5v0/latest/cells/aoi21/gf180mcu_fd_sc_mcu7t5v0__aoi21_4.cdl,results/prospective_locked_confirmation/gf180/seed_5/corner_ff/netlists/21510018_aoi21_4_ff.cir,results/prospective_locked_confirmation/gf180/seed_5/corner_ff/logs/21510018_aoi21_4_ff.log,0,55,5,ff,18,2,stopping_evaluation
21510019,INV,INV_1,1,I_to_ZN,1,1,2,0.82,1.22,1.8474137911553201,-22.573843340064123,5.915331432359306,0.0013139559629001306,ff,-0.13881600000000002,0.776505,0.3188445,0.134067,0.36115537502337247,ok,SPICE_GF180MCU_RELEASED_CDL,off,0,0,gf180mcu-pdk/libraries/gf180mcu_fd_sc_mcu7t5v0/latest/cells/inv/gf180mcu_fd_sc_mcu7t5v0__inv_1.cdl,results/prospective_locked_confirmation/gf180/seed_5/corner_ff/netlists/21510019_inv_1_ff.cir,results/prospective_locked_confirmation/gf180/seed_5/corner_ff/logs/21510019_inv_1_ff.log,0,0,5,ff,19,2,stopping_evaluation
21510020,INV,INV_4,4,I_to_ZN,1,1,8,3.28,4.88,1.6706503351226614,120.04242201470291,5.769042436901836,0.057383486015936465,ff,0.559234,1.63457,1.096902,1.3747,0.8751614590291865,ok,SPICE_GF180MCU_RELEASED_CDL,off,0,0,gf180mcu-pdk/libraries/gf180mcu_fd_sc_mcu7t5v0/latest/cells/inv/gf180mcu_fd_sc_mcu7t5v0__inv_4.cdl,results/prospective_locked_confirmation/gf180/seed_5/corner_ff/netlists/21510020_inv_4_ff.cir,results/prospective_locked_confirmation/gf180/seed_5/corner_ff/logs/21510020_inv_4_ff.log,0,10,5,ff,20,2,stopping_evaluation
21510021,MUX2,MUX2_1,1,"I0_to_Z__I1=0,S=0",0,3,12,2.6199999999999997,4.295000000000001,1.760670040668613,78.10156151309953,6.17081461702281,0.0051102981332849795,ff,1.76069,0.583677,1.1721835,0.298679,1.284518875007052,ok,SPICE_GF180MCU_RELEASED_CDL,off,0,0,gf180mcu-pdk/libraries/gf180mcu_fd_sc_mcu7t5v0/latest/cells/mux2/gf180mcu_fd_sc_mcu7t5v0__mux2_1.cdl,results/prospective_locked_confirmation/gf180/seed_5/corner_ff/netlists/21510021_mux2_1_ff.cir,results/prospective_locked_confirmation/gf180/seed_5/corner_ff/logs/21510021_mux2_1_ff.log,0,75,5,ff,21,2,stopping_evaluation
21510022,MUX2,MUX2_4,4,"I0_to_Z__I1=0,S=0",0,3,18,7.380000000000001,10.98,1.9503053900922422,50.65389255589808,8.156386390337532,0.03567737357074822,ff,2.19342,0.937069,1.5652445000000001,1.708,1.9415563329821452,ok,SPICE_GF180MCU_RELEASED_CDL,off,0,0,gf180mcu-pdk/libraries/gf180mcu_fd_sc_mcu7t5v0/latest/cells/mux2/gf180mcu_fd_sc_mcu7t5v0__mux2_4.cdl,results/prospective_locked_confirmation/gf180/seed_5/corner_ff/netlists/21510022_mux2_4_ff.cir,results/prospective_locked_confirmation/gf180/seed_5/corner_ff/logs/21510022_mux2_4_ff.log,0,83,5,ff,22,2,stopping_evaluation
21510023,NAND2,NAND2_1,1,A1_to_ZN__A2=1,1,2,4,1.64,2.26,1.7108874188066647,98.80481089966761,5.047568214804761,0.025517048638140187,ff,1.2157099999999998,1.99966,1.6076849999999998,0.540295,0.5622820829739794,ok,SPICE_GF180MCU_RELEASED_CDL,off,0,0,gf180mcu-pdk/libraries/gf180mcu_fd_sc_mcu7t5v0/latest/cells/nand2/gf180mcu_fd_sc_mcu7t5v0__nand2_1.cdl,results/prospective_locked_confirmation/gf180/seed_5/corner_ff/netlists/21510023_nand2_1_ff.cir,results/prospective_locked_confirmation/gf180/seed_5/corner_ff/logs/21510023_nand2_1_ff.log,0,14,5,ff,23,2,stopping_evaluation
21510024,NAND2,NAND2_4,4,A1_to_ZN__A2=1,1,2,16,6.5600000000000005,9.04,1.913644994156541,109.16417492626186,6.0321462852807874,0.026211600148052752,ff,0.308484,1.1640700000000002,0.7362770000000001,1.48342,1.7275405830005184,ok,SPICE_GF180MCU_RELEASED_CDL,off,0,0,gf180mcu-pdk/libraries/gf180mcu_fd_sc_mcu7t5v0/latest/cells/nand2/gf180mcu_fd_sc_mcu7t5v0__nand2_4.cdl,results/prospective_locked_confirmation/gf180/seed_5/corner_ff/netlists/21510024_nand2_4_ff.cir,results/prospective_locked_confirmation/gf180/seed_5/corner_ff/logs/21510024_nand2_4_ff.log,0,22,5,ff,24,2,stopping_evaluation
21510025,NAND3,NAND3_1,1,"A1_to_ZN__A2=1,A3=1",1,3,6,2.46,2.955,1.629490163228483,14.545455744404002,8.004640662527658,0.016456567821896813,ff,1.3422,2.5005599999999997,1.9213799999999999,0.324403,0.8014436250086874,ok,SPICE_GF180MCU_RELEASED_CDL,off,0,0,gf180mcu-pdk/libraries/gf180mcu_fd_sc_mcu7t5v0/latest/cells/nand3/gf180mcu_fd_sc_mcu7t5v0__nand3_1.cdl,results/prospective_locked_confirmation/gf180/seed_5/corner_ff/netlists/21510025_nand3_1_ff.cir,results/prospective_locked_confirmation/gf180/seed_5/corner_ff/logs/21510025_nand3_1_ff.log,0,89,5,ff,25,2,stopping_evaluation
21510026,NAND3,NAND3_4,4,"A1_to_ZN__A2=1,A3=1",1,3,24,9.840000000000002,11.82,1.779274472066238,61.47470182200689,11.636303729055621,0.04200291623540158,ff,0.734537,2.28833,1.5114335,1.54976,2.2091607920010574,ok,SPICE_GF180MCU_RELEASED_CDL,off,0,0,gf180mcu-pdk/libraries/gf180mcu_fd_sc_mcu7t5v0/latest/cells/nand3/gf180mcu_fd_sc_mcu7t5v0__nand3_4.cdl,results/prospective_locked_confirmation/gf180/seed_5/corner_ff/netlists/21510026_nand3_4_ff.cir,results/prospective_locked_confirmation/gf180/seed_5/corner_ff/logs/21510026_nand3_4_ff.log,0,94,5,ff,26,2,stopping_evaluation
21510027,NOR2,NOR2_1,1,A1_to_ZN__A2=0,1,2,4,1.13,2.44,1.862344545678533,119.92388728077941,9.406695414760627,0.05373265185684767,ff,1.9207599999999998,4.6948099999999995,3.307785,1.32769,0.5639346669777296,ok,SPICE_GF180MCU_RELEASED_CDL,off,0,0,gf180mcu-pdk/libraries/gf180mcu_fd_sc_mcu7t5v0/latest/cells/nor2/gf180mcu_fd_sc_mcu7t5v0__nor2_1.cdl,results/prospective_locked_confirmation/gf180/seed_5/corner_ff/netlists/21510027_nor2_1_ff.cir,results/prospective_locked_confirmation/gf180/seed_5/corner_ff/logs/21510027_nor2_1_ff.log,0,24,5,ff,27,2,stopping_evaluation
21510028,NOR2,NOR2_4,4,A1_to_ZN__A2=0,1,2,16,4.52,9.76,1.7507793241870944,102.02681768486576,0.20940886954531215,0.035680880384123766,ff,0.220155,0.6085740000000001,0.41436449999999997,0.846558,1.5958588339854032,ok,SPICE_GF180MCU_RELEASED_CDL,off,0,0,gf180mcu-pdk/libraries/gf180mcu_fd_sc_mcu7t5v0/latest/cells/nor2/gf180mcu_fd_sc_mcu7t5v0__nor2_4.cdl,results/prospective_locked_confirmation/gf180/seed_5/corner_ff/netlists/21510028_nor2_4_ff.cir,results/prospective_locked_confirmation/gf180/seed_5/corner_ff/logs/21510028_nor2_4_ff.log,0,30,5,ff,28,2,stopping_evaluation
21510029,OAI21,OAI21_1,1,"A1_to_ZN__A2=0,B=1",1,3,6,2.46,3.57,1.8484548301622987,92.57396964036795,7.400019174107123,0.010065877126166863,ff,0.462985,2.00333,1.2331575,0.391609,0.7682618329999968,ok,SPICE_GF180MCU_RELEASED_CDL,off,0,0,gf180mcu-pdk/libraries/gf180mcu_fd_sc_mcu7t5v0/latest/cells/oai21/gf180mcu_fd_sc_mcu7t5v0__oai21_1.cdl,results/prospective_locked_confirmation/gf180/seed_5/corner_ff/netlists/21510029_oai21_1_ff.cir,results/prospective_locked_confirmation/gf180/seed_5/corner_ff/logs/21510029_oai21_1_ff.log,0,65,5,ff,29,2,stopping_evaluation
21510030,OAI21,OAI21_4,4,"A1_to_ZN__A2=0,B=1",1,3,24,9.840000000000002,12.580000000000004,1.787398606237459,116.1352680290795,5.326013958292257,0.029465912199957957,ff,0.39135200000000003,1.63168,1.011516,1.06525,1.929901666007936,ok,SPICE_GF180MCU_RELEASED_CDL,off,0,0,gf180mcu-pdk/libraries/gf180mcu_fd_sc_mcu7t5v0/latest/cells/oai21/gf180mcu_fd_sc_mcu7t5v0__oai21_4.cdl,results/prospective_locked_confirmation/gf180/seed_5/corner_ff/netlists/21510030_oai21_4_ff.cir,results/prospective_locked_confirmation/gf180/seed_5/corner_ff/logs/21510030_oai21_4_ff.log,0,66,5,ff,30,2,stopping_evaluation
21510031,XOR2,XOR2_1,1,A1_to_Z__A2=0,0,2,10,3.1799999999999997,4.779999999999999,1.9112610414619637,82.0347144574109,11.783075251826935,0.11005679598746848,ff,3.7431699999999997,4.64268,4.192925,2.97023,1.067496542003937,ok,SPICE_GF180MCU_RELEASED_CDL,off,0,0,gf180mcu-pdk/libraries/gf180mcu_fd_sc_mcu7t5v0/latest/cells/xor2/gf180mcu_fd_sc_mcu7t5v0__xor2_1.cdl,results/prospective_locked_confirmation/gf180/seed_5/corner_ff/netlists/21510031_xor2_1_ff.cir,results/prospective_locked_confirmation/gf180/seed_5/corner_ff/logs/21510031_xor2_1_ff.log,0,36,5,ff,31,2,stopping_evaluation
21510032,XOR2,XOR2_4,4,A1_to_Z__A2=0,0,2,18,6.46,8.935,1.852533450506488,105.67250870591775,2.488753767185876,0.19946758075249138,ff,2.18103,1.92887,2.05495,4.8067,1.4281803330522962,ok,SPICE_GF180MCU_RELEASED_CDL,off,0,0,gf180mcu-pdk/libraries/gf180mcu_fd_sc_mcu7t5v0/latest/cells/xor2/gf180mcu_fd_sc_mcu7t5v0__xor2_4.cdl,results/prospective_locked_confirmation/gf180/seed_5/corner_ff/netlists/21510032_xor2_4_ff.cir,results/prospective_locked_confirmation/gf180/seed_5/corner_ff/logs/21510032_xor2_4_ff.log,0,46,5,ff,32,2,stopping_evaluation
21510033,AOI21,AOI21_1,1,"A1_to_ZN__A2=1,B=0",1,3,6,2.15,3.6450000000000005,1.927932561465067,47.613892270026696,7.672861117831804,0.02089556406956128,ff,0.859896,2.57678,1.718338,0.654272,0.7356282909750007,ok,SPICE_GF180MCU_RELEASED_CDL,off,0,0,gf180mcu-pdk/libraries/gf180mcu_fd_sc_mcu7t5v0/latest/cells/aoi21/gf180mcu_fd_sc_mcu7t5v0__aoi21_1.cdl,results/prospective_locked_confirmation/gf180/seed_5/corner_ff/netlists/21510033_aoi21_1_ff.cir,results/prospective_locked_confirmation/gf180/seed_5/corner_ff/logs/21510033_aoi21_1_ff.log,0,49,5,ff,33,3,stopping_evaluation
21510034,AOI21,AOI21_4,4,"A1_to_ZN__A2=1,B=0",1,3,24,8.6,14.399999999999997,1.7123640417374382,29.738377067593362,2.798143154680381,0.20229457742166582,ff,1.51688,3.3009399999999998,2.40891,3.91294,2.3729105830425397,ok,SPICE_GF180MCU_RELEASED_CDL,off,0,0,gf180mcu-pdk/libraries/gf180mcu_fd_sc_mcu7t5v0/latest/cells/aoi21/gf180mcu_fd_sc_mcu7t5v0__aoi21_4.cdl,results/prospective_locked_confirmation/gf180/seed_5/corner_ff/netlists/21510034_aoi21_4_ff.cir,results/prospective_locked_confirmation/gf180/seed_5/corner_ff/logs/21510034_aoi21_4_ff.log,0,59,5,ff,34,3,stopping_evaluation
21510035,INV,INV_1,1,I_to_ZN,1,1,2,0.82,1.22,1.6902863435911326,111.69027556657389,3.2377650250221177,0.15203566485159478,ff,2.4495,4.82252,3.6360099999999997,2.75611,0.36376358300913125,ok,SPICE_GF180MCU_RELEASED_CDL,off,0,0,gf180mcu-pdk/libraries/gf180mcu_fd_sc_mcu7t5v0/latest/cells/inv/gf180mcu_fd_sc_mcu7t5v0__inv_1.cdl,results/prospective_locked_confirmation/gf180/seed_5/corner_ff/netlists/21510035_inv_1_ff.cir,results/prospective_locked_confirmation/gf180/seed_5/corner_ff/logs/21510035_inv_1_ff.log,0,5,5,ff,35,3,stopping_evaluation
21510036,INV,INV_4,4,I_to_ZN,1,1,8,3.28,4.88,1.853355289560736,55.041851177931704,0.3314032953759143,0.02639243071030014,ff,0.155234,0.263946,0.20959,0.712332,0.8930298330378719,ok,SPICE_GF180MCU_RELEASED_CDL,off,0,0,gf180mcu-pdk/libraries/gf180mcu_fd_sc_mcu7t5v0/latest/cells/inv/gf180mcu_fd_sc_mcu7t5v0__inv_4.cdl,results/prospective_locked_confirmation/gf180/seed_5/corner_ff/netlists/21510036_inv_4_ff.cir,results/prospective_locked_confirmation/gf180/seed_5/corner_ff/logs/21510036_inv_4_ff.log,0,7,5,ff,36,3,stopping_evaluation
21510037,MUX2,MUX2_1,1,"I0_to_Z__I1=0,S=0",0,3,12,2.6199999999999997,4.295000000000001,1.824509375963938,106.7489707384432,0.8916811818616335,0.1206167856934534,ff,2.25113,3.2711799999999998,2.7611549999999996,2.67788,1.336171375005506,ok,SPICE_GF180MCU_RELEASED_CDL,off,0,0,gf180mcu-pdk/libraries/gf180mcu_fd_sc_mcu7t5v0/latest/cells/mux2/gf180mcu_fd_sc_mcu7t5v0__mux2_1.cdl,results/prospective_locked_confirmation/gf180/seed_5/corner_ff/netlists/21510037_mux2_1_ff.cir,results/prospective_locked_confirmation/gf180/seed_5/corner_ff/logs/21510037_mux2_1_ff.log,0,77,5,ff,37,3,stopping_evaluation
21510038,MUX2,MUX2_4,4,"I0_to_Z__I1=0,S=0",0,3,18,7.380000000000001,10.98,1.7530768366309757,19.528125383265362,10.995038140258917,0.18526542210776023,ff,3.41242,2.09016,2.75129,4.08767,1.8411759579903446,ok,SPICE_GF180MCU_RELEASED_CDL,off,0,0,gf180mcu-pdk/libraries/gf180mcu_fd_sc_mcu7t5v0/latest/cells/mux2/gf180mcu_fd_sc_mcu7t5v0__mux2_4.cdl,results/prospective_locked_confirmation/gf180/seed_5/corner_ff/netlists/21510038_mux2_4_ff.cir,results/prospective_locked_confirmation/gf180/seed_5/corner_ff/logs/21510038_mux2_4_ff.log,0,79,5,ff,38,3,stopping_evaluation
21510039,NAND2,NAND2_1,1,A1_to_ZN__A2=1,1,2,4,1.64,2.26,1.929627362383862,28.83079331787195,2.5764402927413,0.14340681606407343,ff,2.70334,3.71257,3.207955,3.39873,0.5628895830013789,ok,SPICE_GF180MCU_RELEASED_CDL,off,0,0,gf180mcu-pdk/libraries/gf180mcu_fd_sc_mcu7t5v0/latest/cells/nand2/gf180mcu_fd_sc_mcu7t5v0__nand2_1.cdl,results/prospective_locked_confirmation/gf180/seed_5/corner_ff/netlists/21510039_nand2_1_ff.cir,results/prospective_locked_confirmation/gf180/seed_5/corner_ff/logs/21510039_nand2_1_ff.log,0,12,5,ff,39,3,stopping_evaluation
21510040,NAND2,NAND2_4,4,A1_to_ZN__A2=1,1,2,16,6.5600000000000005,9.04,1.639634003534618,70.8961281407813,1.8135521809943398,0.040690407704407384,ff,0.549226,0.836394,0.69281,0.836031,1.6904006249969825,ok,SPICE_GF180MCU_RELEASED_CDL,off,0,0,gf180mcu-pdk/libraries/gf180mcu_fd_sc_mcu7t5v0/latest/cells/nand2/gf180mcu_fd_sc_mcu7t5v0__nand2_4.cdl,results/prospective_locked_confirmation/gf180/seed_5/corner_ff/netlists/21510040_nand2_4_ff.cir,results/prospective_locked_confirmation/gf180/seed_5/corner_ff/logs/21510040_nand2_4_ff.log,0,20,5,ff,40,3,stopping_evaluation
21510041,NAND3,NAND3_1,1,"A1_to_ZN__A2=1,A3=1",1,3,6,2.46,2.955,1.8344356575534329,76.60103945208103,1.5866101465179563,0.07197962074720074,ff,2.18302,2.46179,2.3224050000000003,1.57431,0.7387950420379639,ok,SPICE_GF180MCU_RELEASED_CDL,off,0,0,gf180mcu-pdk/libraries/gf180mcu_fd_sc_mcu7t5v0/latest/cells/nand3/gf180mcu_fd_sc_mcu7t5v0__nand3_1.cdl,results/prospective_locked_confirmation/gf180/seed_5/corner_ff/netlists/21510041_nand3_1_ff.cir,results/prospective_locked_confirmation/gf180/seed_5/corner_ff/logs/21510041_nand3_1_ff.log,0,85,5,ff,41,3,stopping_evaluation
21510042,NAND3,NAND3_4,4,"A1_to_ZN__A2=1,A3=1",1,3,24,9.840000000000002,11.82,1.6913442163439294,-13.691899610350585,7.260627449683201,0.18726323110693652,ff,2.43455,3.44798,2.9412649999999996,3.53594,2.182164333993569,ok,SPICE_GF180MCU_RELEASED_CDL,off,0,0,gf180mcu-pdk/libraries/gf180mcu_fd_sc_mcu7t5v0/latest/cells/nand3/gf180mcu_fd_sc_mcu7t5v0__nand3_4.cdl,results/prospective_locked_confirmation/gf180/seed_5/corner_ff/netlists/21510042_nand3_4_ff.cir,results/prospective_locked_confirmation/gf180/seed_5/corner_ff/logs/21510042_nand3_4_ff.log,0,92,5,ff,42,3,stopping_evaluation
21510043,NOR2,NOR2_1,1,A1_to_ZN__A2=0,1,2,4,1.13,2.44,1.8395376899163547,-27.85179247925243,1.684923756767631,0.08291399632995444,ff,1.3563699999999999,3.6255200000000003,2.490945,1.79612,0.5681561249657534,ok,SPICE_GF180MCU_RELEASED_CDL,off,0,0,gf180mcu-pdk/libraries/gf180mcu_fd_sc_mcu7t5v0/latest/cells/nor2/gf180mcu_fd_sc_mcu7t5v0__nor2_1.cdl,results/prospective_locked_confirmation/gf180/seed_5/corner_ff/netlists/21510043_nor2_1_ff.cir,results/prospective_locked_confirmation/gf180/seed_5/corner_ff/logs/21510043_nor2_1_ff.log,0,25,5,ff,43,3,stopping_evaluation
21510044,NOR2,NOR2_4,4,A1_to_ZN__A2=0,1,2,16,4.52,9.76,1.9384956618945748,-10.648557176471211,5.836793025148923,0.15135032275760832,ff,1.21645,2.80847,2.01246,3.8833,1.5906767910346389,ok,SPICE_GF180MCU_RELEASED_CDL,off,0,0,gf180mcu-pdk/libraries/gf180mcu_fd_sc_mcu7t5v0/latest/cells/nor2/gf180mcu_fd_sc_mcu7t5v0__nor2_4.cdl,results/prospective_locked_confirmation/gf180/seed_5/corner_ff/netlists/21510044_nor2_4_ff.cir,results/prospective_locked_confirmation/gf180/seed_5/corner_ff/logs/21510044_nor2_4_ff.log,0,31,5,ff,44,3,stopping_evaluation
21510045,OAI21,OAI21_1,1,"A1_to_ZN__A2=0,B=1",1,3,6,2.46,3.57,1.75691062918088,108.04961221860387,0.258670981976939,0.17678275838457397,ff,3.64779,9.23767,6.44273,3.47621,0.7997051670099609,ok,SPICE_GF180MCU_RELEASED_CDL,off,0,0,gf180mcu-pdk/libraries/gf180mcu_fd_sc_mcu7t5v0/latest/cells/oai21/gf180mcu_fd_sc_mcu7t5v0__oai21_1.cdl,results/prospective_locked_confirmation/gf180/seed_5/corner_ff/netlists/21510045_oai21_1_ff.cir,results/prospective_locked_confirmation/gf180/seed_5/corner_ff/logs/21510045_oai21_1_ff.log,0,64,5,ff,45,3,stopping_evaluation
21510046,OAI21,OAI21_4,4,"A1_to_ZN__A2=0,B=1",1,3,24,9.840000000000002,12.580000000000004,1.7182680277685285,1.8017663540765199,11.02363014414395,0.04754721184061583,ff,0.663589,2.94289,1.8032394999999999,1.22446,1.960030917020049,ok,SPICE_GF180MCU_RELEASED_CDL,off,0,0,gf180mcu-pdk/libraries/gf180mcu_fd_sc_mcu7t5v0/latest/cells/oai21/gf180mcu_fd_sc_mcu7t5v0__oai21_4.cdl,results/prospective_locked_confirmation/gf180/seed_5/corner_ff/netlists/21510046_oai21_4_ff.cir,results/prospective_locked_confirmation/gf180/seed_5/corner_ff/logs/21510046_oai21_4_ff.log,0,68,5,ff,46,3,stopping_evaluation
21510047,XOR2,XOR2_1,1,A1_to_Z__A2=0,0,2,10,3.1799999999999997,4.779999999999999,1.7589992280163944,50.00114884555303,5.800571059927628,0.06359751236905511,ff,2.3995100000000003,3.45194,2.925725,1.46058,1.0971674579777755,ok,SPICE_GF180MCU_RELEASED_CDL,off,0,0,gf180mcu-pdk/libraries/gf180mcu_fd_sc_mcu7t5v0/latest/cells/xor2/gf180mcu_fd_sc_mcu7t5v0__xor2_1.cdl,results/prospective_locked_confirmation/gf180/seed_5/corner_ff/netlists/21510047_xor2_1_ff.cir,results/prospective_locked_confirmation/gf180/seed_5/corner_ff/logs/21510047_xor2_1_ff.log,0,37,5,ff,47,3,stopping_evaluation
21510048,XOR2,XOR2_4,4,A1_to_Z__A2=0,0,2,18,6.46,8.935,1.9608003360562465,7.886985535948504,8.76572692732749,0.101763013569359,ff,2.73638,1.1993800000000001,1.96788,3.14986,1.4812444999697618,ok,SPICE_GF180MCU_RELEASED_CDL,off,0,0,gf180mcu-pdk/libraries/gf180mcu_fd_sc_mcu7t5v0/latest/cells/xor2/gf180mcu_fd_sc_mcu7t5v0__xor2_4.cdl,results/prospective_locked_confirmation/gf180/seed_5/corner_ff/netlists/21510048_xor2_4_ff.cir,results/prospective_locked_confirmation/gf180/seed_5/corner_ff/logs/21510048_xor2_4_ff.log,0,47,5,ff,48,3,stopping_evaluation
21510049,AOI21,AOI21_1,1,"A1_to_ZN__A2=1,B=0",1,3,6,2.15,3.6450000000000005,1.768169587040128,101.02966350071463,10.845954515801354,0.0754006558611067,ff,3.0223299999999997,6.36271,4.69252,1.60184,0.7725147080491297,ok,SPICE_GF180MCU_RELEASED_CDL,off,0,0,gf180mcu-pdk/libraries/gf180mcu_fd_sc_mcu7t5v0/latest/cells/aoi21/gf180mcu_fd_sc_mcu7t5v0__aoi21_1.cdl,results/prospective_locked_confirmation/gf180/seed_5/corner_ff/netlists/21510049_aoi21_1_ff.cir,results/prospective_locked_confirmation/gf180/seed_5/corner_ff/logs/21510049_aoi21_1_ff.log,0,48,5,ff,49,4,stopping_evaluation
21510050,AOI21,AOI21_4,4,"A1_to_ZN__A2=1,B=0",1,3,24,8.6,14.399999999999997,1.8387946282842518,-35.05581763085722,6.083652984730678,0.16105772673294372,ff,1.49197,3.13618,2.314075,3.66625,2.378795958997216,ok,SPICE_GF180MCU_RELEASED_CDL,off,0,0,gf180mcu-pdk/libraries/gf180mcu_fd_sc_mcu7t5v0/latest/cells/aoi21/gf180mcu_fd_sc_mcu7t5v0__aoi21_4.cdl,results/prospective_locked_confirmation/gf180/seed_5/corner_ff/netlists/21510050_aoi21_4_ff.cir,results/prospective_locked_confirmation/gf180/seed_5/corner_ff/logs/21510050_aoi21_4_ff.log,0,56,5,ff,50,4,stopping_evaluation
21510051,INV,INV_1,1,I_to_ZN,1,1,2,0.82,1.22,1.6366885665358357,34.59408299921125,9.172352678053828,0.056302789045976104,ff,1.9790800000000002,4.00637,2.992725,0.990947,0.35764399997424334,ok,SPICE_GF180MCU_RELEASED_CDL,off,0,0,gf180mcu-pdk/libraries/gf180mcu_fd_sc_mcu7t5v0/latest/cells/inv/gf180mcu_fd_sc_mcu7t5v0__inv_1.cdl,results/prospective_locked_confirmation/gf180/seed_5/corner_ff/netlists/21510051_inv_1_ff.cir,results/prospective_locked_confirmation/gf180/seed_5/corner_ff/logs/21510051_inv_1_ff.log,0,1,5,ff,51,4,stopping_evaluation
21510052,INV,INV_4,4,I_to_ZN,1,1,8,3.28,4.88,1.7876592874305768,90.43112468638,6.326459204439874,0.19824678758630288,ff,1.39258,2.80508,2.09883,4.3446,0.9783211660105735,ok,SPICE_GF180MCU_RELEASED_CDL,off,0,0,gf180mcu-pdk/libraries/gf180mcu_fd_sc_mcu7t5v0/latest/cells/inv/gf180mcu_fd_sc_mcu7t5v0__inv_4.cdl,results/prospective_locked_confirmation/gf180/seed_5/corner_ff/netlists/21510052_inv_4_ff.cir,results/prospective_locked_confirmation/gf180/seed_5/corner_ff/logs/21510052_inv_4_ff.log,0,9,5,ff,52,4,stopping_evaluation
21510053,MUX2,MUX2_1,1,"I0_to_Z__I1=0,S=0",0,3,12,2.6199999999999997,4.295000000000001,1.6573855925304253,35.60346973664494,10.395997261803355,0.06417945186406016,ff,3.33126,2.1110100000000003,2.721135,1.26832,1.3317889159661718,ok,SPICE_GF180MCU_RELEASED_CDL,off,0,0,gf180mcu-pdk/libraries/gf180mcu_fd_sc_mcu7t5v0/latest/cells/mux2/gf180mcu_fd_sc_mcu7t5v0__mux2_1.cdl,results/prospective_locked_confirmation/gf180/seed_5/corner_ff/netlists/21510053_mux2_1_ff.cir,results/prospective_locked_confirmation/gf180/seed_5/corner_ff/logs/21510053_mux2_1_ff.log,0,72,5,ff,53,4,stopping_evaluation
21510054,MUX2,MUX2_4,4,"I0_to_Z__I1=0,S=0",0,3,18,7.380000000000001,10.98,1.8992722463379585,-2.498721379424829,0.08654923806372133,0.09647915483368256,ff,1.11384,0.9170889999999999,1.0154645,2.72589,1.850965624966193,ok,SPICE_GF180MCU_RELEASED_CDL,off,0,0,gf180mcu-pdk/libraries/gf180mcu_fd_sc_mcu7t5v0/latest/cells/mux2/gf180mcu_fd_sc_mcu7t5v0__mux2_4.cdl,results/prospective_locked_confirmation/gf180/seed_5/corner_ff/netlists/21510054_mux2_4_ff.cir,results/prospective_locked_confirmation/gf180/seed_5/corner_ff/logs/21510054_mux2_4_ff.log,0,81,5,ff,54,4,stopping_evaluation
21510055,NAND2,NAND2_1,1,A1_to_ZN__A2=1,1,2,4,1.64,2.26,1.7791926310002575,11.545656116736566,9.482137850986533,0.06065338762400397,ff,2.4056,3.96571,3.185655,1.27899,0.5685619169962592,ok,SPICE_GF180MCU_RELEASED_CDL,off,0,0,gf180mcu-pdk/libraries/gf180mcu_fd_sc_mcu7t5v0/latest/cells/nand2/gf180mcu_fd_sc_mcu7t5v0__nand2_1.cdl,results/prospective_locked_confirmation/gf180/seed_5/corner_ff/netlists/21510055_nand2_1_ff.cir,results/prospective_locked_confirmation/gf180/seed_5/corner_ff/logs/21510055_nand2_1_ff.log,0,13,5,ff,55,4,stopping_evaluation
21510056,NAND2,NAND2_4,4,A1_to_ZN__A2=1,1,2,16,6.5600000000000005,9.04,1.9519597907466255,34.947429177174854,4.861625381612319,0.16877164421158977,ff,1.3702500000000002,2.1484,1.759325,4.42661,1.70978058304172,ok,SPICE_GF180MCU_RELEASED_CDL,off,0,0,gf180mcu-pdk/libraries/gf180mcu_fd_sc_mcu7t5v0/latest/cells/nand2/gf180mcu_fd_sc_mcu7t5v0__nand2_4.cdl,results/prospective_locked_confirmation/gf180/seed_5/corner_ff/netlists/21510056_nand2_4_ff.cir,results/prospective_locked_confirmation/gf180/seed_5/corner_ff/logs/21510056_nand2_4_ff.log,0,19,5,ff,56,4,stopping_evaluation
21510057,NAND3,NAND3_1,1,"A1_to_ZN__A2=1,A3=1",1,3,6,2.46,2.955,1.763108131589247,68.57741713180181,5.06760748414764,0.18481664343367868,ff,5.8703,6.75532,6.312810000000001,3.65101,0.7895894169923849,ok,SPICE_GF180MCU_RELEASED_CDL,off,0,0,gf180mcu-pdk/libraries/gf180mcu_fd_sc_mcu7t5v0/latest/cells/nand3/gf180mcu_fd_sc_mcu7t5v0__nand3_1.cdl,results/prospective_locked_confirmation/gf180/seed_5/corner_ff/netlists/21510057_nand3_1_ff.cir,results/prospective_locked_confirmation/gf180/seed_5/corner_ff/logs/21510057_nand3_1_ff.log,0,86,5,ff,57,4,stopping_evaluation
21510058,NAND3,NAND3_4,4,"A1_to_ZN__A2=1,A3=1",1,3,24,9.840000000000002,11.82,1.8015348379368825,16.015772705660964,1.9353665001518878,0.03327616894854984,ff,0.5153690000000001,0.776218,0.6457935,0.879303,2.3134481249726377,ok,SPICE_GF180MCU_RELEASED_CDL,off,0,0,gf180mcu-pdk/libraries/gf180mcu_fd_sc_mcu7t5v0/latest/cells/nand3/gf180mcu_fd_sc_mcu7t5v0__nand3_4.cdl,results/prospective_locked_confirmation/gf180/seed_5/corner_ff/netlists/21510058_nand3_4_ff.cir,results/prospective_locked_confirmation/gf180/seed_5/corner_ff/logs/21510058_nand3_4_ff.log,0,93,5,ff,58,4,stopping_evaluation
21510059,NOR2,NOR2_1,1,A1_to_ZN__A2=0,1,2,4,1.13,2.44,1.9499596279002562,78.59226570687788,6.683166843085554,0.11527769084199989,ff,2.77827,6.31458,4.546424999999999,2.83986,0.6025357080507092,ok,SPICE_GF180MCU_RELEASED_CDL,off,0,0,gf180mcu-pdk/libraries/gf180mcu_fd_sc_mcu7t5v0/latest/cells/nor2/gf180mcu_fd_sc_mcu7t5v0__nor2_1.cdl,results/prospective_locked_confirmation/gf180/seed_5/corner_ff/netlists/21510059_nor2_1_ff.cir,results/prospective_locked_confirmation/gf180/seed_5/corner_ff/logs/21510059_nor2_1_ff.log,0,27,5,ff,59,4,stopping_evaluation
21510060,NOR2,NOR2_4,4,A1_to_ZN__A2=0,1,2,16,4.52,9.76,1.8156064722450567,73.00961670616799,6.495511816691049,0.18227819630366623,ff,1.61216,3.68029,2.646225,4.08937,1.625352999952156,ok,SPICE_GF180MCU_RELEASED_CDL,off,0,0,gf180mcu-pdk/libraries/gf180mcu_fd_sc_mcu7t5v0/latest/cells/nor2/gf180mcu_fd_sc_mcu7t5v0__nor2_4.cdl,results/prospective_locked_confirmation/gf180/seed_5/corner_ff/netlists/21510060_nor2_4_ff.cir,results/prospective_locked_confirmation/gf180/seed_5/corner_ff/logs/21510060_nor2_4_ff.log,0,34,5,ff,60,4,stopping_evaluation
21510061,OAI21,OAI21_1,1,"A1_to_ZN__A2=0,B=1",1,3,6,2.46,3.57,1.8825050692099636,-11.041848195333642,2.1147345137747013,0.037825399773501966,ff,1.00065,2.03288,1.516765,0.901346,0.7619158750167117,ok,SPICE_GF180MCU_RELEASED_CDL,off,0,0,gf180mcu-pdk/libraries/gf180mcu_fd_sc_mcu7t5v0/latest/cells/oai21/gf180mcu_fd_sc_mcu7t5v0__oai21_1.cdl,results/prospective_locked_confirmation/gf180/seed_5/corner_ff/netlists/21510061_oai21_1_ff.cir,results/prospective_locked_confirmation/gf180/seed_5/corner_ff/logs/21510061_oai21_1_ff.log,0,60,5,ff,61,4,stopping_evaluation
21510062,OAI21,OAI21_4,4,"A1_to_ZN__A2=0,B=1",1,3,24,9.840000000000002,12.580000000000004,1.9790726467271613,28.22186121519573,7.052998677258635,0.1082184655764077,ff,0.998898,2.82913,1.914014,3.25978,2.0220980000449345,ok,SPICE_GF180MCU_RELEASED_CDL,off,0,0,gf180mcu-pdk/libraries/gf180mcu_fd_sc_mcu7t5v0/latest/cells/oai21/gf180mcu_fd_sc_mcu7t5v0__oai21_4.cdl,results/prospective_locked_confirmation/gf180/seed_5/corner_ff/netlists/21510062_oai21_4_ff.cir,results/prospective_locked_confirmation/gf180/seed_5/corner_ff/logs/21510062_oai21_4_ff.log,0,67,5,ff,62,4,stopping_evaluation
21510063,XOR2,XOR2_1,1,A1_to_Z__A2=0,0,2,10,3.1799999999999997,4.779999999999999,1.8390252597760592,122.46919840445881,6.3469935221630305,0.02519098174236695,ff,2.10744,1.5341799999999999,1.82081,0.860372,1.1091111249988899,ok,SPICE_GF180MCU_RELEASED_CDL,off,0,0,gf180mcu-pdk/libraries/gf180mcu_fd_sc_mcu7t5v0/latest/cells/xor2/gf180mcu_fd_sc_mcu7t5v0__xor2_1.cdl,results/prospective_locked_confirmation/gf180/seed_5/corner_ff/netlists/21510063_xor2_1_ff.cir,results/prospective_locked_confirmation/gf180/seed_5/corner_ff/logs/21510063_xor2_1_ff.log,0,40,5,ff,63,4,stopping_evaluation
21510064,XOR2,XOR2_4,4,A1_to_Z__A2=0,0,2,18,6.46,8.935,1.7756886846553248,51.73476460021756,1.5460027934366967,0.024575757302913434,ff,1.31508,0.8448279999999999,1.079954,0.921455,1.518350875005126,ok,SPICE_GF180MCU_RELEASED_CDL,off,0,0,gf180mcu-pdk/libraries/gf180mcu_fd_sc_mcu7t5v0/latest/cells/xor2/gf180mcu_fd_sc_mcu7t5v0__xor2_4.cdl,results/prospective_locked_confirmation/gf180/seed_5/corner_ff/netlists/21510064_xor2_4_ff.cir,results/prospective_locked_confirmation/gf180/seed_5/corner_ff/logs/21510064_xor2_4_ff.log,0,42,5,ff,64,4,stopping_evaluation
21510065,AOI21,AOI21_1,1,"A1_to_ZN__A2=1,B=0",1,3,6,2.15,3.6450000000000005,1.6891401352629711,2.313579509384148,9.000333661435661,0.1262144293257983,ff,4.06875,8.44305,6.2559,2.30455,0.7488140829955228,ok,SPICE_GF180MCU_RELEASED_CDL,off,0,0,gf180mcu-pdk/libraries/gf180mcu_fd_sc_mcu7t5v0/latest/cells/aoi21/gf180mcu_fd_sc_mcu7t5v0__aoi21_1.cdl,results/prospective_locked_confirmation/gf180/seed_5/corner_ff/netlists/21510065_aoi21_1_ff.cir,results/prospective_locked_confirmation/gf180/seed_5/corner_ff/logs/21510065_aoi21_1_ff.log,0,53,5,ff,65,5,stopping_evaluation
21510066,AOI21,AOI21_4,4,"A1_to_ZN__A2=1,B=0",1,3,24,8.6,14.399999999999997,1.8849571055301735,45.7171346969143,5.372929981374076,0.06086444042810562,ff,0.68531,1.92426,1.304785,1.80682,2.448647000011988,ok,SPICE_GF180MCU_RELEASED_CDL,off,0,0,gf180mcu-pdk/libraries/gf180mcu_fd_sc_mcu7t5v0/latest/cells/aoi21/gf180mcu_fd_sc_mcu7t5v0__aoi21_4.cdl,results/prospective_locked_confirmation/gf180/seed_5/corner_ff/netlists/21510066_aoi21_4_ff.cir,results/prospective_locked_confirmation/gf180/seed_5/corner_ff/logs/21510066_aoi21_4_ff.log,0,57,5,ff,66,5,stopping_evaluation
21510067,INV,INV_1,1,I_to_ZN,1,1,2,0.82,1.22,1.8859344757724306,8.635041070618925,0.7672471359700198,0.10004453308509414,ff,1.0571899999999999,2.1926300000000003,1.6249099999999999,2.26723,0.37315995898097754,ok,SPICE_GF180MCU_RELEASED_CDL,off,0,0,gf180mcu-pdk/libraries/gf180mcu_fd_sc_mcu7t5v0/latest/cells/inv/gf180mcu_fd_sc_mcu7t5v0__inv_1.cdl,results/prospective_locked_confirmation/gf180/seed_5/corner_ff/netlists/21510067_inv_1_ff.cir,results/prospective_locked_confirmation/gf180/seed_5/corner_ff/logs/21510067_inv_1_ff.log,0,2,5,ff,67,5,stopping_evaluation
21510068,INV,INV_4,4,I_to_ZN,1,1,8,3.28,4.88,1.722062593625862,11.265064055320664,10.549406917702443,0.10512304340046474,ff,0.9978410000000001,2.95027,1.9740555,2.28207,0.8786599159939215,ok,SPICE_GF180MCU_RELEASED_CDL,off,0,0,gf180mcu-pdk/libraries/gf180mcu_fd_sc_mcu7t5v0/latest/cells/inv/gf180mcu_fd_sc_mcu7t5v0__inv_4.cdl,results/prospective_locked_confirmation/gf180/seed_5/corner_ff/netlists/21510068_inv_4_ff.cir,results/prospective_locked_confirmation/gf180/seed_5/corner_ff/logs/21510068_inv_4_ff.log,0,11,5,ff,68,5,stopping_evaluation
21510069,MUX2,MUX2_1,1,"I0_to_Z__I1=0,S=0",0,3,12,2.6199999999999997,4.295000000000001,1.7089123609499628,42.98973939835224,8.344704704885087,0.09990534628338502,ff,3.31441,2.9049,3.109655,2.00305,1.4365329580032267,ok,SPICE_GF180MCU_RELEASED_CDL,off,0,0,gf180mcu-pdk/libraries/gf180mcu_fd_sc_mcu7t5v0/latest/cells/mux2/gf180mcu_fd_sc_mcu7t5v0__mux2_1.cdl,results/prospective_locked_confirmation/gf180/seed_5/corner_ff/netlists/21510069_mux2_1_ff.cir,results/prospective_locked_confirmation/gf180/seed_5/corner_ff/logs/21510069_mux2_1_ff.log,0,73,5,ff,69,5,stopping_evaluation
21510070,MUX2,MUX2_4,4,"I0_to_Z__I1=0,S=0",0,3,18,7.380000000000001,10.98,1.7037828425227275,81.9565747152254,7.819555047929994,0.013176582831665867,ff,2.33307,1.08516,1.709115,0.811022,1.9286967079970054,ok,SPICE_GF180MCU_RELEASED_CDL,off,0,0,gf180mcu-pdk/libraries/gf180mcu_fd_sc_mcu7t5v0/latest/cells/mux2/gf180mcu_fd_sc_mcu7t5v0__mux2_4.cdl,results/prospective_locked_confirmation/gf180/seed_5/corner_ff/netlists/21510070_mux2_4_ff.cir,results/prospective_locked_confirmation/gf180/seed_5/corner_ff/logs/21510070_mux2_4_ff.log,0,82,5,ff,70,5,stopping_evaluation
21510071,NAND2,NAND2_1,1,A1_to_ZN__A2=1,1,2,4,1.64,2.26,1.6740861869341352,87.06574397494967,1.5220139901087717,0.118171387324943,ff,2.76912,3.7850800000000002,3.2771000000000003,2.11521,0.5552545829559676,ok,SPICE_GF180MCU_RELEASED_CDL,off,0,0,gf180mcu-pdk/libraries/gf180mcu_fd_sc_mcu7t5v0/latest/cells/nand2/gf180mcu_fd_sc_mcu7t5v0__nand2_1.cdl,results/prospective_locked_confirmation/gf180/seed_5/corner_ff/netlists/21510071_nand2_1_ff.cir,results/prospective_locked_confirmation/gf180/seed_5/corner_ff/logs/21510071_nand2_1_ff.log,0,17,5,ff,71,5,stopping_evaluation
21510072,NAND2,NAND2_4,4,A1_to_ZN__A2=1,1,2,16,6.5600000000000005,9.04,1.809085078194118,10.755072170764379,2.2452112347445228,0.09663364782113716,ff,0.827307,1.19914,1.0132235,2.16562,1.6648254580213688,ok,SPICE_GF180MCU_RELEASED_CDL,off,0,0,gf180mcu-pdk/libraries/gf180mcu_fd_sc_mcu7t5v0/latest/cells/nand2/gf180mcu_fd_sc_mcu7t5v0__nand2_4.cdl,results/prospective_locked_confirmation/gf180/seed_5/corner_ff/netlists/21510072_nand2_4_ff.cir,results/prospective_locked_confirmation/gf180/seed_5/corner_ff/logs/21510072_nand2_4_ff.log,0,23,5,ff,72,5,stopping_evaluation
21510073,NAND3,NAND3_1,1,"A1_to_ZN__A2=1,A3=1",1,3,6,2.46,2.955,1.722904168985386,-25.63094352493721,9.750775858357626,0.1141057487275646,ff,4.53764,5.8804,5.209020000000001,2.16718,0.7359506249777041,ok,SPICE_GF180MCU_RELEASED_CDL,off,0,0,gf180mcu-pdk/libraries/gf180mcu_fd_sc_mcu7t5v0/latest/cells/nand3/gf180mcu_fd_sc_mcu7t5v0__nand3_1.cdl,results/prospective_locked_confirmation/gf180/seed_5/corner_ff/netlists/21510073_nand3_1_ff.cir,results/prospective_locked_confirmation/gf180/seed_5/corner_ff/logs/21510073_nand3_1_ff.log,0,84,5,ff,73,5,stopping_evaluation
21510074,NAND3,NAND3_4,4,"A1_to_ZN__A2=1,A3=1",1,3,24,9.840000000000002,11.82,1.667832183912424,105.34662811823864,5.598669765083807,0.0701226062757688,ff,1.24932,1.96994,1.60963,1.5161,2.2511212499812245,ok,SPICE_GF180MCU_RELEASED_CDL,off,0,0,gf180mcu-pdk/libraries/gf180mcu_fd_sc_mcu7t5v0/latest/cells/nand3/gf180mcu_fd_sc_mcu7t5v0__nand3_4.cdl,results/prospective_locked_confirmation/gf180/seed_5/corner_ff/netlists/21510074_nand3_4_ff.cir,results/prospective_locked_confirmation/gf180/seed_5/corner_ff/logs/21510074_nand3_4_ff.log,0,95,5,ff,74,5,stopping_evaluation
21510075,NOR2,NOR2_1,1,A1_to_ZN__A2=0,1,2,4,1.13,2.44,1.7037285995291074,37.255096727981424,10.42213024215265,0.15326416271207258,ff,4.40389,10.1851,7.2944949999999995,2.83287,0.5962662909878418,ok,SPICE_GF180MCU_RELEASED_CDL,off,0,0,gf180mcu-pdk/libraries/gf180mcu_fd_sc_mcu7t5v0/latest/cells/nor2/gf180mcu_fd_sc_mcu7t5v0__nor2_1.cdl,results/prospective_locked_confirmation/gf180/seed_5/corner_ff/netlists/21510075_nor2_1_ff.cir,results/prospective_locked_confirmation/gf180/seed_5/corner_ff/logs/21510075_nor2_1_ff.log,0,28,5,ff,75,5,stopping_evaluation
21510076,NOR2,NOR2_4,4,A1_to_ZN__A2=0,1,2,16,4.52,9.76,1.6983348958322102,45.03304148098454,9.587785360973221,0.09453800179023474,ff,1.19013,3.45025,2.32019,2.01057,1.6587788340402767,ok,SPICE_GF180MCU_RELEASED_CDL,off,0,0,gf180mcu-pdk/libraries/gf180mcu_fd_sc_mcu7t5v0/latest/cells/nor2/gf180mcu_fd_sc_mcu7t5v0__nor2_4.cdl,results/prospective_locked_confirmation/gf180/seed_5/corner_ff/netlists/21510076_nor2_4_ff.cir,results/prospective_locked_confirmation/gf180/seed_5/corner_ff/logs/21510076_nor2_4_ff.log,0,33,5,ff,76,5,stopping_evaluation
21510077,OAI21,OAI21_1,1,"A1_to_ZN__A2=0,B=1",1,3,6,2.46,3.57,1.974310103593937,53.383702885171445,11.256177794314983,0.07769464194636715,ff,2.59354,5.7206600000000005,4.1571,2.10555,0.7952669999795035,ok,SPICE_GF180MCU_RELEASED_CDL,off,0,0,gf180mcu-pdk/libraries/gf180mcu_fd_sc_mcu7t5v0/latest/cells/oai21/gf180mcu_fd_sc_mcu7t5v0__oai21_1.cdl,results/prospective_locked_confirmation/gf180/seed_5/corner_ff/netlists/21510077_oai21_1_ff.cir,results/prospective_locked_confirmation/gf180/seed_5/corner_ff/logs/21510077_oai21_1_ff.log,0,62,5,ff,77,5,stopping_evaluation
21510078,OAI21,OAI21_4,4,"A1_to_ZN__A2=0,B=1",1,3,24,9.840000000000002,12.580000000000004,1.8628023175778408,65.76349052212431,1.918282036223709,0.14257062898948802,ff,1.0049,2.30509,1.6549949999999998,3.35232,2.00111808400834,ok,SPICE_GF180MCU_RELEASED_CDL,off,0,0,gf180mcu-pdk/libraries/gf180mcu_fd_sc_mcu7t5v0/latest/cells/oai21/gf180mcu_fd_sc_mcu7t5v0__oai21_4.cdl,results/prospective_locked_confirmation/gf180/seed_5/corner_ff/netlists/21510078_oai21_4_ff.cir,results/prospective_locked_confirmation/gf180/seed_5/corner_ff/logs/21510078_oai21_4_ff.log,0,70,5,ff,78,5,stopping_evaluation
21510079,XOR2,XOR2_1,1,A1_to_Z__A2=0,0,2,10,3.1799999999999997,4.779999999999999,1.9323392438446563,20.93824429715564,9.561394927685852,0.06961600028199831,ff,2.77703,2.73628,2.756655,1.99428,1.033305749995634,ok,SPICE_GF180MCU_RELEASED_CDL,off,0,0,gf180mcu-pdk/libraries/gf180mcu_fd_sc_mcu7t5v0/latest/cells/xor2/gf180mcu_fd_sc_mcu7t5v0__xor2_1.cdl,results/prospective_locked_confirmation/gf180/seed_5/corner_ff/netlists/21510079_xor2_1_ff.cir,results/prospective_locked_confirmation/gf180/seed_5/corner_ff/logs/21510079_xor2_1_ff.log,0,38,5,ff,79,5,stopping_evaluation
21510080,XOR2,XOR2_4,4,A1_to_Z__A2=0,0,2,18,6.46,8.935,1.7016569397661194,38.8266939366585,6.667651047778503,0.1209357423932788,ff,2.9497400000000003,1.80075,2.375245,2.60808,1.4875452080159448,ok,SPICE_GF180MCU_RELEASED_CDL,off,0,0,gf180mcu-pdk/libraries/gf180mcu_fd_sc_mcu7t5v0/latest/cells/xor2/gf180mcu_fd_sc_mcu7t5v0__xor2_4.cdl,results/prospective_locked_confirmation/gf180/seed_5/corner_ff/netlists/21510080_xor2_4_ff.cir,results/prospective_locked_confirmation/gf180/seed_5/corner_ff/logs/21510080_xor2_4_ff.log,0,45,5,ff,80,5,stopping_evaluation
21510081,AOI21,AOI21_1,1,"A1_to_ZN__A2=1,B=0",1,3,6,2.15,3.6450000000000005,1.8433926132859608,16.344159936462646,1.905114860421001,0.16556759675638755,ff,3.0511399999999997,7.45671,5.253925000000001,3.58068,0.8039967090007849,ok,SPICE_GF180MCU_RELEASED_CDL,off,0,0,gf180mcu-pdk/libraries/gf180mcu_fd_sc_mcu7t5v0/latest/cells/aoi21/gf180mcu_fd_sc_mcu7t5v0__aoi21_1.cdl,results/prospective_locked_confirmation/gf180/seed_5/corner_ff/netlists/21510081_aoi21_1_ff.cir,results/prospective_locked_confirmation/gf180/seed_5/corner_ff/logs/21510081_aoi21_1_ff.log,0,52,5,ff,81,6,reference_completion
21510082,AOI21,AOI21_4,4,"A1_to_ZN__A2=1,B=0",1,3,24,8.6,14.399999999999997,1.7557104695662429,115.74940627783451,10.040721935209312,0.08906471918328046,ff,1.12032,3.41803,2.2691749999999997,2.37663,2.5670475409715436,ok,SPICE_GF180MCU_RELEASED_CDL,off,0,0,gf180mcu-pdk/libraries/gf180mcu_fd_sc_mcu7t5v0/latest/cells/aoi21/gf180mcu_fd_sc_mcu7t5v0__aoi21_4.cdl,results/prospective_locked_confirmation/gf180/seed_5/corner_ff/netlists/21510082_aoi21_4_ff.cir,results/prospective_locked_confirmation/gf180/seed_5/corner_ff/logs/21510082_aoi21_4_ff.log,0,54,5,ff,82,6,reference_completion
21510083,INV,INV_1,1,I_to_ZN,1,1,2,0.82,1.22,1.7664370287627194,86.30288225689962,7.448471144880847,0.11753971300267778,ff,2.66827,4.74852,3.7083950000000003,2.36982,0.43815050000557676,ok,SPICE_GF180MCU_RELEASED_CDL,off,0,0,gf180mcu-pdk/libraries/gf180mcu_fd_sc_mcu7t5v0/latest/cells/inv/gf180mcu_fd_sc_mcu7t5v0__inv_1.cdl,results/prospective_locked_confirmation/gf180/seed_5/corner_ff/netlists/21510083_inv_1_ff.cir,results/prospective_locked_confirmation/gf180/seed_5/corner_ff/logs/21510083_inv_1_ff.log,0,4,5,ff,83,6,reference_completion
21510084,INV,INV_4,4,I_to_ZN,1,1,8,3.28,4.88,1.8707228906992586,16.631584089269033,3.3219223123390966,0.08102599817250217,ff,0.576717,1.26475,0.9207335000000001,2.02066,0.9831425840384327,ok,SPICE_GF180MCU_RELEASED_CDL,off,0,0,gf180mcu-pdk/libraries/gf180mcu_fd_sc_mcu7t5v0/latest/cells/inv/gf180mcu_fd_sc_mcu7t5v0__inv_4.cdl,results/prospective_locked_confirmation/gf180/seed_5/corner_ff/netlists/21510084_inv_4_ff.cir,results/prospective_locked_confirmation/gf180/seed_5/corner_ff/logs/21510084_inv_4_ff.log,0,6,5,ff,84,6,reference_completion
21510085,MUX2,MUX2_1,1,"I0_to_Z__I1=0,S=0",0,3,12,2.6199999999999997,4.295000000000001,1.916434813689098,4.917726801834142,3.899380972712203,0.186411676885325,ff,2.91581,3.96332,3.439565,4.48124,1.3963468330330215,ok,SPICE_GF180MCU_RELEASED_CDL,off,0,0,gf180mcu-pdk/libraries/gf180mcu_fd_sc_mcu7t5v0/latest/cells/mux2/gf180mcu_fd_sc_mcu7t5v0__mux2_1.cdl,results/prospective_locked_confirmation/gf180/seed_5/corner_ff/netlists/21510085_mux2_1_ff.cir,results/prospective_locked_confirmation/gf180/seed_5/corner_ff/logs/21510085_mux2_1_ff.log,0,74,5,ff,85,6,reference_completion
21510086,MUX2,MUX2_4,4,"I0_to_Z__I1=0,S=0",0,3,18,7.380000000000001,10.98,1.823132951805093,-30.7284926386076,4.441506765849581,0.10954665742058323,ff,2.00164,1.38537,1.693505,2.76163,1.9799813329591416,ok,SPICE_GF180MCU_RELEASED_CDL,off,0,0,gf180mcu-pdk/libraries/gf180mcu_fd_sc_mcu7t5v0/latest/cells/mux2/gf180mcu_fd_sc_mcu7t5v0__mux2_4.cdl,results/prospective_locked_confirmation/gf180/seed_5/corner_ff/netlists/21510086_mux2_4_ff.cir,results/prospective_locked_confirmation/gf180/seed_5/corner_ff/logs/21510086_mux2_4_ff.log,0,80,5,ff,86,6,reference_completion
21510087,NAND2,NAND2_1,1,A1_to_ZN__A2=1,1,2,4,1.64,2.26,1.8785767770227837,68.968854035105,7.876005034880129,0.08115694282815397,ff,2.65145,3.91581,3.28363,1.90973,0.5896545409923419,ok,SPICE_GF180MCU_RELEASED_CDL,off,0,0,gf180mcu-pdk/libraries/gf180mcu_fd_sc_mcu7t5v0/latest/cells/nand2/gf180mcu_fd_sc_mcu7t5v0__nand2_1.cdl,results/prospective_locked_confirmation/gf180/seed_5/corner_ff/netlists/21510087_nand2_1_ff.cir,results/prospective_locked_confirmation/gf180/seed_5/corner_ff/logs/21510087_nand2_1_ff.log,0,16,5,ff,87,6,reference_completion
21510088,NAND2,NAND2_4,4,A1_to_ZN__A2=1,1,2,16,6.5600000000000005,9.04,1.7611644808619877,48.74670570348893,8.512259445054356,0.12837663161278892,ff,1.5137099999999999,2.85038,2.182045,2.88507,1.78569491696544,ok,SPICE_GF180MCU_RELEASED_CDL,off,0,0,gf180mcu-pdk/libraries/gf180mcu_fd_sc_mcu7t5v0/latest/cells/nand2/gf180mcu_fd_sc_mcu7t5v0__nand2_4.cdl,results/prospective_locked_confirmation/gf180/seed_5/corner_ff/netlists/21510088_nand2_4_ff.cir,results/prospective_locked_confirmation/gf180/seed_5/corner_ff/logs/21510088_nand2_4_ff.log,0,21,5,ff,88,6,reference_completion
21510089,NAND3,NAND3_1,1,"A1_to_ZN__A2=1,A3=1",1,3,6,2.46,2.955,1.898431100648284,41.22565319710529,2.5977919578783646,0.05458705476013963,ff,1.73809,2.09623,1.91716,1.29548,0.7915140409604646,ok,SPICE_GF180MCU_RELEASED_CDL,off,0,0,gf180mcu-pdk/libraries/gf180mcu_fd_sc_mcu7t5v0/latest/cells/nand3/gf180mcu_fd_sc_mcu7t5v0__nand3_1.cdl,results/prospective_locked_confirmation/gf180/seed_5/corner_ff/netlists/21510089_nand3_1_ff.cir,results/prospective_locked_confirmation/gf180/seed_5/corner_ff/logs/21510089_nand3_1_ff.log,0,88,5,ff,89,6,reference_completion
21510090,NAND3,NAND3_4,4,"A1_to_ZN__A2=1,A3=1",1,3,24,9.840000000000002,11.82,1.8992857710404705,2.1300941356828744,9.84695196861532,0.12733980971284753,ff,1.63212,2.99863,2.315375,3.42353,2.251181291998364,ok,SPICE_GF180MCU_RELEASED_CDL,off,0,0,gf180mcu-pdk/libraries/gf180mcu_fd_sc_mcu7t5v0/latest/cells/nand3/gf180mcu_fd_sc_mcu7t5v0__nand3_4.cdl,results/prospective_locked_confirmation/gf180/seed_5/corner_ff/netlists/21510090_nand3_4_ff.cir,results/prospective_locked_confirmation/gf180/seed_5/corner_ff/logs/21510090_nand3_4_ff.log,0,91,5,ff,90,6,reference_completion
21510091,NOR2,NOR2_1,1,A1_to_ZN__A2=0,1,2,4,1.13,2.44,1.7736873086230998,-8.190205894864022,3.5953627708510276,0.029493705435242868,ff,1.02994,2.21793,1.6239350000000001,0.620483,0.6077153329970315,ok,SPICE_GF180MCU_RELEASED_CDL,off,0,0,gf180mcu-pdk/libraries/gf180mcu_fd_sc_mcu7t5v0/latest/cells/nor2/gf180mcu_fd_sc_mcu7t5v0__nor2_1.cdl,results/prospective_locked_confirmation/gf180/seed_5/corner_ff/netlists/21510091_nor2_1_ff.cir,results/prospective_locked_confirmation/gf180/seed_5/corner_ff/logs/21510091_nor2_1_ff.log,0,26,5,ff,91,6,reference_completion
21510092,NOR2,NOR2_4,4,A1_to_ZN__A2=0,1,2,16,4.52,9.76,1.8886924654949906,32.58106258324952,2.861225264088587,0.11230350306571801,ff,0.863048,1.87836,1.3707040000000001,2.72973,1.66106758301612,ok,SPICE_GF180MCU_RELEASED_CDL,off,0,0,gf180mcu-pdk/libraries/gf180mcu_fd_sc_mcu7t5v0/latest/cells/nor2/gf180mcu_fd_sc_mcu7t5v0__nor2_4.cdl,results/prospective_locked_confirmation/gf180/seed_5/corner_ff/netlists/21510092_nor2_4_ff.cir,results/prospective_locked_confirmation/gf180/seed_5/corner_ff/logs/21510092_nor2_4_ff.log,0,35,5,ff,92,6,reference_completion
21510093,OAI21,OAI21_1,1,"A1_to_ZN__A2=0,B=1",1,3,6,2.46,3.57,1.6906766559103765,26.542705286762228,5.5406341581387375,0.12635693755628763,ff,3.4621999999999997,7.75447,5.608335,2.31309,0.775651125004515,ok,SPICE_GF180MCU_RELEASED_CDL,off,0,0,gf180mcu-pdk/libraries/gf180mcu_fd_sc_mcu7t5v0/latest/cells/oai21/gf180mcu_fd_sc_mcu7t5v0__oai21_1.cdl,results/prospective_locked_confirmation/gf180/seed_5/corner_ff/netlists/21510093_oai21_1_ff.cir,results/prospective_locked_confirmation/gf180/seed_5/corner_ff/logs/21510093_oai21_1_ff.log,0,61,5,ff,93,6,reference_completion
21510094,OAI21,OAI21_4,4,"A1_to_ZN__A2=0,B=1",1,3,24,9.840000000000002,12.580000000000004,1.6658627337800236,79.73266019747932,9.25840234061323,0.09706518216038942,ff,1.36293,3.7695000000000003,2.566215,2.03818,1.9882234579999931,ok,SPICE_GF180MCU_RELEASED_CDL,off,0,0,gf180mcu-pdk/libraries/gf180mcu_fd_sc_mcu7t5v0/latest/cells/oai21/gf180mcu_fd_sc_mcu7t5v0__oai21_4.cdl,results/prospective_locked_confirmation/gf180/seed_5/corner_ff/netlists/21510094_oai21_4_ff.cir,results/prospective_locked_confirmation/gf180/seed_5/corner_ff/logs/21510094_oai21_4_ff.log,0,69,5,ff,94,6,reference_completion
21510095,XOR2,XOR2_1,1,A1_to_Z__A2=0,0,2,10,3.1799999999999997,4.779999999999999,1.6471671884148908,4.012403905292572,3.8805854643869595,0.18598772264783944,ff,3.42876,9.99099,6.709875,3.31132,1.121560416999273,ok,SPICE_GF180MCU_RELEASED_CDL,off,0,0,gf180mcu-pdk/libraries/gf180mcu_fd_sc_mcu7t5v0/latest/cells/xor2/gf180mcu_fd_sc_mcu7t5v0__xor2_1.cdl,results/prospective_locked_confirmation/gf180/seed_5/corner_ff/netlists/21510095_xor2_1_ff.cir,results/prospective_locked_confirmation/gf180/seed_5/corner_ff/logs/21510095_xor2_1_ff.log,0,41,5,ff,95,6,reference_completion
21510096,XOR2,XOR2_4,4,A1_to_Z__A2=0,0,2,18,6.46,8.935,1.8884019582467306,71.11367478841953,4.802475404206943,0.04549491280554721,ff,2.04217,1.0666,1.5543850000000001,1.63846,1.5351818749913946,ok,SPICE_GF180MCU_RELEASED_CDL,off,0,0,gf180mcu-pdk/libraries/gf180mcu_fd_sc_mcu7t5v0/latest/cells/xor2/gf180mcu_fd_sc_mcu7t5v0__xor2_4.cdl,results/prospective_locked_confirmation/gf180/seed_5/corner_ff/netlists/21510096_xor2_4_ff.cir,results/prospective_locked_confirmation/gf180/seed_5/corner_ff/logs/21510096_xor2_4_ff.log,0,43,5,ff,96,6,reference_completion
