sample_id,pdk,process_node_nm,cell_family,cell_variant,source_cell_variant,drive_strength,input_arc,inverting,input_count,transistor_count,total_n_width_um,total_p_width_um,Vdd,Temp,slew_ns,Cload_pF,corner,model_corner,tphl_ns,tplh_ns,delay_avg_ns,power_avg_uW,spice_wall_time_s,status,fidelity,statistical_mode,mc_mm_switch,mc_pr_switch,released_spice_path,netlist_path,log_path,ngspice_returncode,candidate_id,seed,heldout_corner,query_order,batch_index,acquisition_phase
26500001,SKY130,130,AOI21,AOI21_1,A21OI_1,1,"A1_to_Y__A2=1,B1=0",1,3,6,1.9500000000000002,3.0,1.9160269716150748,-17.053750282603303,11.363313671277407,0.05419279165455063,typical,tt,0.727021,2.96548,1.8462505,1.36716,0.9915791669627652,ok,SPICE_SKY130_RELEASED_SPICE,off,0,0,sky130-pdk/libraries/sky130_fd_sc_hd/latest/cells/a21oi/sky130_fd_sc_hd__a21oi_1.spice,results/prospective_locked_confirmation/sky130/seed_5/corner_typical/netlists/26500001_aoi21_1_typical.cir,results/prospective_locked_confirmation/sky130/seed_5/corner_typical/logs/26500001_aoi21_1_typical.log,0,51,5,typical,1,1,stopping_evaluation
26500002,SKY130,130,AOI21,AOI21_4,A21OI_4,4,"A1_to_Y__A2=1,B1=0",1,3,24,7.800000000000002,12.0,1.649341796863324,20.56783047228393,0.6560201197484065,0.1903518160613415,typical,tt,0.41067,1.0497599999999998,0.730215,3.41261,3.1329877499956638,ok,SPICE_SKY130_RELEASED_SPICE,off,0,0,sky130-pdk/libraries/sky130_fd_sc_hd/latest/cells/a21oi/sky130_fd_sc_hd__a21oi_4.spice,results/prospective_locked_confirmation/sky130/seed_5/corner_typical/netlists/26500002_aoi21_4_typical.cir,results/prospective_locked_confirmation/sky130/seed_5/corner_typical/logs/26500002_aoi21_4_typical.log,0,59,5,typical,2,1,stopping_evaluation
26500003,SKY130,130,INV,INV_1,INV_1,1,A_to_Y,1,1,2,0.65,1.0,1.9014081614400828,60.51419568977673,10.842418706343992,0.1904651851466881,typical,tt,1.7657,3.69932,2.73251,4.52807,0.49603858299087733,ok,SPICE_SKY130_RELEASED_SPICE,off,0,0,sky130-pdk/libraries/sky130_fd_sc_hd/latest/cells/inv/sky130_fd_sc_hd__inv_1.spice,results/prospective_locked_confirmation/sky130/seed_5/corner_typical/netlists/26500003_inv_1_typical.cir,results/prospective_locked_confirmation/sky130/seed_5/corner_typical/logs/26500003_inv_1_typical.log,0,5,5,typical,3,1,stopping_evaluation
26500004,SKY130,130,INV,INV_4,INV_4,4,A_to_Y,1,1,8,2.6,4.0,1.6901719732101776,110.62783074318841,0.496485551473312,0.1534135571823362,typical,tt,0.252488,0.398485,0.3254865,2.82243,1.2539235420408659,ok,SPICE_SKY130_RELEASED_SPICE,off,0,0,sky130-pdk/libraries/sky130_fd_sc_hd/latest/cells/inv/sky130_fd_sc_hd__inv_4.spice,results/prospective_locked_confirmation/sky130/seed_5/corner_typical/netlists/26500004_inv_4_typical.cir,results/prospective_locked_confirmation/sky130/seed_5/corner_typical/logs/26500004_inv_4_typical.log,0,10,5,typical,4,1,stopping_evaluation
26500005,SKY130,130,MUX2,MUX2_1,MUX2_1,1,"A0_to_X__A1=0,S=0",0,3,12,2.75,3.1,1.9789601885798196,105.79074888135989,0.6124786093532256,0.00451827366054087,typical,tt,0.2576,0.139059,0.19832950000000002,0.237747,1.7111165830283426,ok,SPICE_SKY130_RELEASED_SPICE,off,0,0,sky130-pdk/libraries/sky130_fd_sc_hd/latest/cells/mux2/sky130_fd_sc_hd__mux2_1.spice,results/prospective_locked_confirmation/sky130/seed_5/corner_typical/netlists/26500005_mux2_1_typical.cir,results/prospective_locked_confirmation/sky130/seed_5/corner_typical/logs/26500005_mux2_1_typical.log,0,77,5,typical,5,1,stopping_evaluation
26500006,SKY130,130,MUX2,MUX2_4,MUX2_4,4,"A0_to_X__A1=0,S=0",0,3,18,5.8500000000000005,9.0,1.68121759422873,-35.914224740325224,10.445114505255335,0.011996247515728507,typical,tt,2.3008599999999997,0.5598,1.4303299999999999,0.452371,2.5193423330201767,ok,SPICE_SKY130_RELEASED_SPICE,off,0,0,sky130-pdk/libraries/sky130_fd_sc_hd/latest/cells/mux2/sky130_fd_sc_hd__mux2_4.spice,results/prospective_locked_confirmation/sky130/seed_5/corner_typical/netlists/26500006_mux2_4_typical.cir,results/prospective_locked_confirmation/sky130/seed_5/corner_typical/logs/26500006_mux2_4_typical.log,0,83,5,typical,6,1,stopping_evaluation
26500007,SKY130,130,NAND2,NAND2_1,NAND2_1,1,A_to_Y__B=1,1,2,4,1.3,2.0,1.6962070749486615,-39.095813561486494,9.145283662015926,0.18401930422354482,typical,tt,2.51329,4.56593,3.53961,3.3302,0.7103827499668114,ok,SPICE_SKY130_RELEASED_SPICE,off,0,0,sky130-pdk/libraries/sky130_fd_sc_hd/latest/cells/nand2/sky130_fd_sc_hd__nand2_1.spice,results/prospective_locked_confirmation/sky130/seed_5/corner_typical/netlists/26500007_nand2_1_typical.cir,results/prospective_locked_confirmation/sky130/seed_5/corner_typical/logs/26500007_nand2_1_typical.log,0,15,5,typical,7,1,stopping_evaluation
26500008,SKY130,130,NAND2,NAND2_4,NAND2_4,4,A_to_Y__B=1,1,2,16,5.2,8.0,1.6513205445001344,-34.87415464463882,5.848757095261705,0.17417508363015693,typical,tt,1.0089,2.2019,1.6054,3.04083,2.0653033750131726,ok,SPICE_SKY130_RELEASED_SPICE,off,0,0,sky130-pdk/libraries/sky130_fd_sc_hd/latest/cells/nand2/sky130_fd_sc_hd__nand2_4.spice,results/prospective_locked_confirmation/sky130/seed_5/corner_typical/netlists/26500008_nand2_4_typical.cir,results/prospective_locked_confirmation/sky130/seed_5/corner_typical/logs/26500008_nand2_4_typical.log,0,20,5,typical,8,1,stopping_evaluation
26500009,SKY130,130,NAND3,NAND3_1,NAND3_1,1,"A_to_Y__B=1,C=1",1,3,6,1.9500000000000002,3.0,1.9634284764311916,-12.810869375750666,0.7394173795650031,0.06803650891001457,typical,tt,0.48037199999999997,0.6165780000000001,0.548475,1.68016,1.0331431250087917,ok,SPICE_SKY130_RELEASED_SPICE,off,0,0,sky130-pdk/libraries/sky130_fd_sc_hd/latest/cells/nand3/sky130_fd_sc_hd__nand3_1.spice,results/prospective_locked_confirmation/sky130/seed_5/corner_typical/netlists/26500009_nand3_1_typical.cir,results/prospective_locked_confirmation/sky130/seed_5/corner_typical/logs/26500009_nand3_1_typical.log,0,87,5,typical,9,1,stopping_evaluation
26500010,SKY130,130,NAND3,NAND3_4,NAND3_4,4,"A_to_Y__B=1,C=1",1,3,24,7.800000000000002,12.0,1.6319997710973941,-27.66356839733846,8.641600457421939,0.07620309932512676,typical,tt,0.827226,2.28083,1.554028,1.35878,2.876924084033817,ok,SPICE_SKY130_RELEASED_SPICE,off,0,0,sky130-pdk/libraries/sky130_fd_sc_hd/latest/cells/nand3/sky130_fd_sc_hd__nand3_4.spice,results/prospective_locked_confirmation/sky130/seed_5/corner_typical/netlists/26500010_nand3_4_typical.cir,results/prospective_locked_confirmation/sky130/seed_5/corner_typical/logs/26500010_nand3_4_typical.log,0,95,5,typical,10,1,stopping_evaluation
26500011,SKY130,130,NOR2,NOR2_1,NOR2_1,1,A_to_Y__B=0,1,2,4,1.3,2.0,1.7501259778780287,107.18995848688178,11.553442365786292,0.029978297942334694,typical,tt,0.48758500000000005,1.9344599999999998,1.2110225,0.874725,0.7072957499767654,ok,SPICE_SKY130_RELEASED_SPICE,off,0,0,sky130-pdk/libraries/sky130_fd_sc_hd/latest/cells/nor2/sky130_fd_sc_hd__nor2_1.spice,results/prospective_locked_confirmation/sky130/seed_5/corner_typical/netlists/26500011_nor2_1_typical.cir,results/prospective_locked_confirmation/sky130/seed_5/corner_typical/logs/26500011_nor2_1_typical.log,0,26,5,typical,11,1,stopping_evaluation
26500012,SKY130,130,NOR2,NOR2_4,NOR2_4,4,A_to_Y__B=0,1,2,16,5.2,8.0,1.6329870519446643,21.2953109542672,0.3470412410931778,0.01767955201098283,typical,tt,0.08894859999999999,0.216334,0.1526413,0.44239,2.021759208990261,ok,SPICE_SKY130_RELEASED_SPICE,off,0,0,sky130-pdk/libraries/sky130_fd_sc_hd/latest/cells/nor2/sky130_fd_sc_hd__nor2_4.spice,results/prospective_locked_confirmation/sky130/seed_5/corner_typical/netlists/26500012_nor2_4_typical.cir,results/prospective_locked_confirmation/sky130/seed_5/corner_typical/logs/26500012_nor2_4_typical.log,0,31,5,typical,12,1,stopping_evaluation
26500013,SKY130,130,OAI21,OAI21_1,O21AI_1,1,"A1_to_Y__A2=0,B1=1",1,3,6,1.9500000000000002,2.7,1.6473362868683907,101.77103856433024,1.6090851692806003,0.16179212365574375,typical,tt,1.2910899999999998,2.8308,2.0609450000000002,2.80461,0.975458582979627,ok,SPICE_SKY130_RELEASED_SPICE,off,0,0,sky130-pdk/libraries/sky130_fd_sc_hd/latest/cells/o21ai/sky130_fd_sc_hd__o21ai_1.spice,results/prospective_locked_confirmation/sky130/seed_5/corner_typical/netlists/26500013_oai21_1_typical.cir,results/prospective_locked_confirmation/sky130/seed_5/corner_typical/logs/26500013_oai21_1_typical.log,0,65,5,typical,13,1,stopping_evaluation
26500014,SKY130,130,OAI21,OAI21_4,O21AI_4,4,"A1_to_Y__A2=0,B1=1",1,3,24,7.800000000000002,12.0,1.6270912739397316,-21.601092620655898,7.898662506554029,0.17005720744038957,typical,tt,1.24009,3.14165,2.19087,3.01261,2.4913315000012517,ok,SPICE_SKY130_RELEASED_SPICE,off,0,0,sky130-pdk/libraries/sky130_fd_sc_hd/latest/cells/o21ai/sky130_fd_sc_hd__o21ai_4.spice,results/prospective_locked_confirmation/sky130/seed_5/corner_typical/netlists/26500014_oai21_4_typical.cir,results/prospective_locked_confirmation/sky130/seed_5/corner_typical/logs/26500014_oai21_4_typical.log,0,68,5,typical,14,1,stopping_evaluation
26500015,SKY130,130,XOR2,XOR2_1,XOR2_1,1,A_to_X__B=0,0,2,10,3.25,5.0,1.9290281413957813,-26.439834528571843,1.0774736041711914,0.19172670607140568,typical,tt,0.765496,2.4867,1.626098,4.59754,1.4244044999941252,ok,SPICE_SKY130_RELEASED_SPICE,off,0,0,sky130-pdk/libraries/sky130_fd_sc_hd/latest/cells/xor2/sky130_fd_sc_hd__xor2_1.spice,results/prospective_locked_confirmation/sky130/seed_5/corner_typical/netlists/26500015_xor2_1_typical.cir,results/prospective_locked_confirmation/sky130/seed_5/corner_typical/logs/26500015_xor2_1_typical.log,0,39,5,typical,15,1,stopping_evaluation
26500016,SKY130,130,XOR2,XOR2_4,XOR2_4,4,A_to_X__B=0,0,2,40,13.000000000000004,20.0,1.7152100491626923,-19.3431069362574,2.6428439639050767,0.20537495995229424,typical,tt,0.809956,1.02309,0.916523,4.18734,3.581534124969039,ok,SPICE_SKY130_RELEASED_SPICE,off,0,0,sky130-pdk/libraries/sky130_fd_sc_hd/latest/cells/xor2/sky130_fd_sc_hd__xor2_4.spice,results/prospective_locked_confirmation/sky130/seed_5/corner_typical/netlists/26500016_xor2_4_typical.cir,results/prospective_locked_confirmation/sky130/seed_5/corner_typical/logs/26500016_xor2_4_typical.log,0,42,5,typical,16,1,stopping_evaluation
26500017,SKY130,130,AOI21,AOI21_1,A21OI_1,1,"A1_to_Y__A2=1,B1=0",1,3,6,1.9500000000000002,3.0,1.6343191637942784,38.12161062861311,4.004391510933862,0.17222473339856473,typical,tt,1.85788,4.02604,2.94196,2.9189,0.971081291034352,ok,SPICE_SKY130_RELEASED_SPICE,off,0,0,sky130-pdk/libraries/sky130_fd_sc_hd/latest/cells/a21oi/sky130_fd_sc_hd__a21oi_1.spice,results/prospective_locked_confirmation/sky130/seed_5/corner_typical/netlists/26500017_aoi21_1_typical.cir,results/prospective_locked_confirmation/sky130/seed_5/corner_typical/logs/26500017_aoi21_1_typical.log,0,52,5,typical,17,2,stopping_evaluation
26500018,SKY130,130,AOI21,AOI21_4,A21OI_4,4,"A1_to_Y__A2=1,B1=0",1,3,24,7.800000000000002,12.0,1.9275583913156098,107.98687214511315,3.138794499593343,0.015368290157830984,typical,tt,0.0790738,0.372481,0.2257774,1.27715,3.0227065419894643,ok,SPICE_SKY130_RELEASED_SPICE,off,0,0,sky130-pdk/libraries/sky130_fd_sc_hd/latest/cells/a21oi/sky130_fd_sc_hd__a21oi_4.spice,results/prospective_locked_confirmation/sky130/seed_5/corner_typical/netlists/26500018_aoi21_4_typical.cir,results/prospective_locked_confirmation/sky130/seed_5/corner_typical/logs/26500018_aoi21_4_typical.log,0,57,5,typical,18,2,stopping_evaluation
26500019,SKY130,130,INV,INV_1,INV_1,1,A_to_Y,1,1,2,0.65,1.0,1.7701935794998938,121.11305092824551,1.064940599074843,0.07052977543738255,typical,tt,0.470528,0.710663,0.5905955,1.41026,0.4475587499910034,ok,SPICE_SKY130_RELEASED_SPICE,off,0,0,sky130-pdk/libraries/sky130_fd_sc_hd/latest/cells/inv/sky130_fd_sc_hd__inv_1.spice,results/prospective_locked_confirmation/sky130/seed_5/corner_typical/netlists/26500019_inv_1_typical.cir,results/prospective_locked_confirmation/sky130/seed_5/corner_typical/logs/26500019_inv_1_typical.log,0,1,5,typical,19,2,stopping_evaluation
26500020,SKY130,130,INV,INV_4,INV_4,4,A_to_Y,1,1,8,2.6,4.0,1.742546936606945,50.593729172035424,10.95684733622459,0.014655182070905465,typical,tt,-0.297014,0.9873059999999999,0.34514599999999995,1.11647,1.1812451669829898,ok,SPICE_SKY130_RELEASED_SPICE,off,0,0,sky130-pdk/libraries/sky130_fd_sc_hd/latest/cells/inv/sky130_fd_sc_hd__inv_4.spice,results/prospective_locked_confirmation/sky130/seed_5/corner_typical/netlists/26500020_inv_4_typical.cir,results/prospective_locked_confirmation/sky130/seed_5/corner_typical/logs/26500020_inv_4_typical.log,0,9,5,typical,20,2,stopping_evaluation
26500021,SKY130,130,MUX2,MUX2_1,MUX2_1,1,"A0_to_X__A1=0,S=0",0,3,12,2.75,3.1,1.7263652018936546,-22.603572338257017,10.046380048986686,0.1560255929291347,typical,tt,2.3513200000000003,1.45417,1.902745,2.99565,1.7236829579924233,ok,SPICE_SKY130_RELEASED_SPICE,off,0,0,sky130-pdk/libraries/sky130_fd_sc_hd/latest/cells/mux2/sky130_fd_sc_hd__mux2_1.spice,results/prospective_locked_confirmation/sky130/seed_5/corner_typical/netlists/26500021_mux2_1_typical.cir,results/prospective_locked_confirmation/sky130/seed_5/corner_typical/logs/26500021_mux2_1_typical.log,0,75,5,typical,21,2,stopping_evaluation
26500022,SKY130,130,MUX2,MUX2_4,MUX2_4,4,"A0_to_X__A1=0,S=0",0,3,18,5.8500000000000005,9.0,1.9611341560839306,112.69433270309048,2.1594483180748965,0.14371691929254546,typical,tt,0.664527,0.43968799999999997,0.5521075,3.99903,2.396270832978189,ok,SPICE_SKY130_RELEASED_SPICE,off,0,0,sky130-pdk/libraries/sky130_fd_sc_hd/latest/cells/mux2/sky130_fd_sc_hd__mux2_4.spice,results/prospective_locked_confirmation/sky130/seed_5/corner_typical/netlists/26500022_mux2_4_typical.cir,results/prospective_locked_confirmation/sky130/seed_5/corner_typical/logs/26500022_mux2_4_typical.log,0,79,5,typical,22,2,stopping_evaluation
26500023,SKY130,130,NAND2,NAND2_1,NAND2_1,1,A_to_Y__B=1,1,2,4,1.3,2.0,1.8830774119687386,110.24292984117605,3.4175160432521636,0.11132755578042065,typical,tt,1.15485,1.47621,1.3155299999999999,2.56108,0.6993964579887688,ok,SPICE_SKY130_RELEASED_SPICE,off,0,0,sky130-pdk/libraries/sky130_fd_sc_hd/latest/cells/nand2/sky130_fd_sc_hd__nand2_1.spice,results/prospective_locked_confirmation/sky130/seed_5/corner_typical/netlists/26500023_nand2_1_typical.cir,results/prospective_locked_confirmation/sky130/seed_5/corner_typical/logs/26500023_nand2_1_typical.log,0,13,5,typical,23,2,stopping_evaluation
26500024,SKY130,130,NAND2,NAND2_4,NAND2_4,4,A_to_Y__B=1,1,2,16,5.2,8.0,1.943883252925673,105.56612818414945,9.020356985296786,0.032235009057517645,typical,tt,-0.012117,0.766752,0.3773175,3.8247,2.1565030830097385,ok,SPICE_SKY130_RELEASED_SPICE,off,0,0,sky130-pdk/libraries/sky130_fd_sc_hd/latest/cells/nand2/sky130_fd_sc_hd__nand2_4.spice,results/prospective_locked_confirmation/sky130/seed_5/corner_typical/netlists/26500024_nand2_4_typical.cir,results/prospective_locked_confirmation/sky130/seed_5/corner_typical/logs/26500024_nand2_4_typical.log,0,19,5,typical,24,2,stopping_evaluation
26500025,SKY130,130,NAND3,NAND3_1,NAND3_1,1,"A_to_Y__B=1,C=1",1,3,6,1.9500000000000002,3.0,1.730459733006774,89.31929360555887,8.095222355567538,0.07333916758640682,typical,tt,1.61461,2.22251,1.91856,1.48308,1.002558250038419,ok,SPICE_SKY130_RELEASED_SPICE,off,0,0,sky130-pdk/libraries/sky130_fd_sc_hd/latest/cells/nand3/sky130_fd_sc_hd__nand3_1.spice,results/prospective_locked_confirmation/sky130/seed_5/corner_typical/netlists/26500025_nand3_1_typical.cir,results/prospective_locked_confirmation/sky130/seed_5/corner_typical/logs/26500025_nand3_1_typical.log,0,84,5,typical,25,2,stopping_evaluation
26500026,SKY130,130,NAND3,NAND3_4,NAND3_4,4,"A_to_Y__B=1,C=1",1,3,24,7.800000000000002,12.0,1.9098600309811322,54.056388085346896,1.8353203276218484,0.1852736034354894,typical,tt,0.58904,0.751026,0.6700329999999999,4.4386,2.8216261249617673,ok,SPICE_SKY130_RELEASED_SPICE,off,0,0,sky130-pdk/libraries/sky130_fd_sc_hd/latest/cells/nand3/sky130_fd_sc_hd__nand3_4.spice,results/prospective_locked_confirmation/sky130/seed_5/corner_typical/netlists/26500026_nand3_4_typical.cir,results/prospective_locked_confirmation/sky130/seed_5/corner_typical/logs/26500026_nand3_4_typical.log,0,91,5,typical,26,2,stopping_evaluation
26500027,SKY130,130,NOR2,NOR2_1,NOR2_1,1,A_to_Y__B=0,1,2,4,1.3,2.0,1.890391559906097,62.63995325043291,2.8394571140837113,0.1990224871527938,typical,tt,1.1617300000000002,2.96612,2.063925,4.51427,0.7456788749550469,ok,SPICE_SKY130_RELEASED_SPICE,off,0,0,sky130-pdk/libraries/sky130_fd_sc_hd/latest/cells/nor2/sky130_fd_sc_hd__nor2_1.spice,results/prospective_locked_confirmation/sky130/seed_5/corner_typical/netlists/26500027_nor2_1_typical.cir,results/prospective_locked_confirmation/sky130/seed_5/corner_typical/logs/26500027_nor2_1_typical.log,0,28,5,typical,27,2,stopping_evaluation
26500028,SKY130,130,NOR2,NOR2_4,NOR2_4,4,A_to_Y__B=0,1,2,16,5.2,8.0,1.968891345449045,124.49157082287499,9.293697047804493,0.12296350837201325,typical,tt,0.23873199999999997,1.4465700000000001,0.842651,6.0373,2.053080790967215,ok,SPICE_SKY130_RELEASED_SPICE,off,0,0,sky130-pdk/libraries/sky130_fd_sc_hd/latest/cells/nor2/sky130_fd_sc_hd__nor2_4.spice,results/prospective_locked_confirmation/sky130/seed_5/corner_typical/netlists/26500028_nor2_4_typical.cir,results/prospective_locked_confirmation/sky130/seed_5/corner_typical/logs/26500028_nor2_4_typical.log,0,34,5,typical,28,2,stopping_evaluation
26500029,SKY130,130,OAI21,OAI21_1,O21AI_1,1,"A1_to_Y__A2=0,B1=1",1,3,6,1.9500000000000002,2.7,1.971525264263219,60.911277690606155,11.279554097981558,0.05384143463771675,typical,tt,0.623973,2.3432399999999998,1.4836064999999998,1.76242,0.9654678329825401,ok,SPICE_SKY130_RELEASED_SPICE,off,0,0,sky130-pdk/libraries/sky130_fd_sc_hd/latest/cells/o21ai/sky130_fd_sc_hd__o21ai_1.spice,results/prospective_locked_confirmation/sky130/seed_5/corner_typical/netlists/26500029_oai21_1_typical.cir,results/prospective_locked_confirmation/sky130/seed_5/corner_typical/logs/26500029_oai21_1_typical.log,0,62,5,typical,29,2,stopping_evaluation
26500030,SKY130,130,OAI21,OAI21_4,O21AI_4,4,"A1_to_Y__A2=0,B1=1",1,3,24,7.800000000000002,12.0,1.8113535316372684,123.60744611764207,2.327962663381906,0.04107461351841302,typical,tt,0.227601,0.500027,0.36381399999999997,1.33985,2.4581843329942785,ok,SPICE_SKY130_RELEASED_SPICE,off,0,0,sky130-pdk/libraries/sky130_fd_sc_hd/latest/cells/o21ai/sky130_fd_sc_hd__o21ai_4.spice,results/prospective_locked_confirmation/sky130/seed_5/corner_typical/netlists/26500030_oai21_4_typical.cir,results/prospective_locked_confirmation/sky130/seed_5/corner_typical/logs/26500030_oai21_4_typical.log,0,67,5,typical,30,2,stopping_evaluation
26500031,SKY130,130,XOR2,XOR2_1,XOR2_1,1,A_to_X__B=0,0,2,10,3.25,5.0,1.6418578473271912,117.98075308041228,8.902644024538315,0.04871192236117592,typical,tt,1.07293,0.7996650000000001,0.9362975,1.0898,1.402697499957867,ok,SPICE_SKY130_RELEASED_SPICE,off,0,0,sky130-pdk/libraries/sky130_fd_sc_hd/latest/cells/xor2/sky130_fd_sc_hd__xor2_1.spice,results/prospective_locked_confirmation/sky130/seed_5/corner_typical/netlists/26500031_xor2_1_typical.cir,results/prospective_locked_confirmation/sky130/seed_5/corner_typical/logs/26500031_xor2_1_typical.log,0,38,5,typical,31,2,stopping_evaluation
26500032,SKY130,130,XOR2,XOR2_4,XOR2_4,4,A_to_X__B=0,0,2,40,13.000000000000004,20.0,1.8012652927210848,98.26948494676071,10.953777118962265,0.034478234419686525,typical,tt,0.9862860000000001,-0.06881190000000001,0.45873705000000004,2.85236,3.5600479999557137,ok,SPICE_SKY130_RELEASED_SPICE,off,0,0,sky130-pdk/libraries/sky130_fd_sc_hd/latest/cells/xor2/sky130_fd_sc_hd__xor2_4.spice,results/prospective_locked_confirmation/sky130/seed_5/corner_typical/netlists/26500032_xor2_4_typical.cir,results/prospective_locked_confirmation/sky130/seed_5/corner_typical/logs/26500032_xor2_4_typical.log,0,46,5,typical,32,2,stopping_evaluation
26500033,SKY130,130,AOI21,AOI21_1,A21OI_1,1,"A1_to_Y__A2=1,B1=0",1,3,6,1.9500000000000002,3.0,1.9552676006676348,-1.3098714121460304,0.33353486843435304,0.08759515108272903,typical,tt,0.409623,1.14916,0.7793915,2.15945,0.946176208963152,ok,SPICE_SKY130_RELEASED_SPICE,off,0,0,sky130-pdk/libraries/sky130_fd_sc_hd/latest/cells/a21oi/sky130_fd_sc_hd__a21oi_1.spice,results/prospective_locked_confirmation/sky130/seed_5/corner_typical/netlists/26500033_aoi21_1_typical.cir,results/prospective_locked_confirmation/sky130/seed_5/corner_typical/logs/26500033_aoi21_1_typical.log,0,50,5,typical,33,3,stopping_evaluation
26500034,SKY130,130,AOI21,AOI21_4,A21OI_4,4,"A1_to_Y__A2=1,B1=0",1,3,24,7.800000000000002,12.0,1.8344102519409595,-38.393757007473276,9.136110942459382,0.060114436555461094,typical,tt,0.215283,1.95852,1.0869015,1.51526,2.9626607499667443,ok,SPICE_SKY130_RELEASED_SPICE,off,0,0,sky130-pdk/libraries/sky130_fd_sc_hd/latest/cells/a21oi/sky130_fd_sc_hd__a21oi_4.spice,results/prospective_locked_confirmation/sky130/seed_5/corner_typical/netlists/26500034_aoi21_4_typical.cir,results/prospective_locked_confirmation/sky130/seed_5/corner_typical/logs/26500034_aoi21_4_typical.log,0,55,5,typical,34,3,stopping_evaluation
26500035,SKY130,130,INV,INV_1,INV_1,1,A_to_Y,1,1,2,0.65,1.0,1.973364665534951,70.42800893452858,8.253963013656952,0.017203397376275072,typical,tt,-0.006247480000000001,1.06192,0.52783626,0.983802,0.47152524994453415,ok,SPICE_SKY130_RELEASED_SPICE,off,0,0,sky130-pdk/libraries/sky130_fd_sc_hd/latest/cells/inv/sky130_fd_sc_hd__inv_1.spice,results/prospective_locked_confirmation/sky130/seed_5/corner_typical/netlists/26500035_inv_1_typical.cir,results/prospective_locked_confirmation/sky130/seed_5/corner_typical/logs/26500035_inv_1_typical.log,0,3,5,typical,35,3,stopping_evaluation
26500036,SKY130,130,INV,INV_4,INV_4,4,A_to_Y,1,1,8,2.6,4.0,1.8167623294697037,-11.115869368226853,9.51092867498935,0.18925340001554244,typical,tt,0.646734,2.4156999999999997,1.5312169999999998,4.12355,1.1396276670275256,ok,SPICE_SKY130_RELEASED_SPICE,off,0,0,sky130-pdk/libraries/sky130_fd_sc_hd/latest/cells/inv/sky130_fd_sc_hd__inv_4.spice,results/prospective_locked_confirmation/sky130/seed_5/corner_typical/netlists/26500036_inv_4_typical.cir,results/prospective_locked_confirmation/sky130/seed_5/corner_typical/logs/26500036_inv_4_typical.log,0,11,5,typical,36,3,stopping_evaluation
26500037,SKY130,130,MUX2,MUX2_1,MUX2_1,1,"A0_to_X__A1=0,S=0",0,3,12,2.75,3.1,1.6708047564469048,96.68772521920596,4.482861072187635,0.18363838209055208,typical,tt,1.57456,1.5399500000000002,1.557255,3.31191,1.6439859160454944,ok,SPICE_SKY130_RELEASED_SPICE,off,0,0,sky130-pdk/libraries/sky130_fd_sc_hd/latest/cells/mux2/sky130_fd_sc_hd__mux2_1.spice,results/prospective_locked_confirmation/sky130/seed_5/corner_typical/netlists/26500037_mux2_1_typical.cir,results/prospective_locked_confirmation/sky130/seed_5/corner_typical/logs/26500037_mux2_1_typical.log,0,74,5,typical,37,3,stopping_evaluation
26500038,SKY130,130,MUX2,MUX2_4,MUX2_4,4,"A0_to_X__A1=0,S=0",0,3,18,5.8500000000000005,9.0,1.9030640272059531,89.48959951787958,6.8023858760488904,0.05245241253372446,typical,tt,1.0714000000000001,0.30379,0.6875950000000001,1.96669,2.4546821659896523,ok,SPICE_SKY130_RELEASED_SPICE,off,0,0,sky130-pdk/libraries/sky130_fd_sc_hd/latest/cells/mux2/sky130_fd_sc_hd__mux2_4.spice,results/prospective_locked_confirmation/sky130/seed_5/corner_typical/netlists/26500038_mux2_4_typical.cir,results/prospective_locked_confirmation/sky130/seed_5/corner_typical/logs/26500038_mux2_4_typical.log,0,81,5,typical,38,3,stopping_evaluation
26500039,SKY130,130,NAND2,NAND2_1,NAND2_1,1,A_to_Y__B=1,1,2,4,1.3,2.0,1.6672758435771546,28.085239678968108,1.8490018933984844,0.004617732849917149,typical,tt,0.155472,0.412659,0.28406549999999997,0.10209,0.6986444999929518,ok,SPICE_SKY130_RELEASED_SPICE,off,0,0,sky130-pdk/libraries/sky130_fd_sc_hd/latest/cells/nand2/sky130_fd_sc_hd__nand2_1.spice,results/prospective_locked_confirmation/sky130/seed_5/corner_typical/netlists/26500039_nand2_1_typical.cir,results/prospective_locked_confirmation/sky130/seed_5/corner_typical/logs/26500039_nand2_1_typical.log,0,16,5,typical,39,3,stopping_evaluation
26500040,SKY130,130,NAND2,NAND2_4,NAND2_4,4,A_to_Y__B=1,1,2,16,5.2,8.0,1.692265437118365,84.63265819140905,11.928364203620498,0.08767395004153439,typical,tt,0.571591,1.6991299999999998,1.1353604999999998,2.33751,2.1628435000311583,ok,SPICE_SKY130_RELEASED_SPICE,off,0,0,sky130-pdk/libraries/sky130_fd_sc_hd/latest/cells/nand2/sky130_fd_sc_hd__nand2_4.spice,results/prospective_locked_confirmation/sky130/seed_5/corner_typical/netlists/26500040_nand2_4_typical.cir,results/prospective_locked_confirmation/sky130/seed_5/corner_typical/logs/26500040_nand2_4_typical.log,0,18,5,typical,40,3,stopping_evaluation
26500041,SKY130,130,NAND3,NAND3_1,NAND3_1,1,"A_to_Y__B=1,C=1",1,3,6,1.9500000000000002,3.0,1.8709268156223384,99.55924054663646,5.6482435465479615,0.1798399774761347,typical,tt,2.24188,2.45827,2.3500750000000004,4.05058,1.0057151250075549,ok,SPICE_SKY130_RELEASED_SPICE,off,0,0,sky130-pdk/libraries/sky130_fd_sc_hd/latest/cells/nand3/sky130_fd_sc_hd__nand3_1.spice,results/prospective_locked_confirmation/sky130/seed_5/corner_typical/netlists/26500041_nand3_1_typical.cir,results/prospective_locked_confirmation/sky130/seed_5/corner_typical/logs/26500041_nand3_1_typical.log,0,89,5,typical,41,3,stopping_evaluation
26500042,SKY130,130,NAND3,NAND3_4,NAND3_4,4,"A_to_Y__B=1,C=1",1,3,24,7.800000000000002,12.0,1.7480044983131522,123.34234791898555,6.495018729683931,0.15226623911632708,typical,tt,0.978488,1.29606,1.137274,3.59001,2.922357208968606,ok,SPICE_SKY130_RELEASED_SPICE,off,0,0,sky130-pdk/libraries/sky130_fd_sc_hd/latest/cells/nand3/sky130_fd_sc_hd__nand3_4.spice,results/prospective_locked_confirmation/sky130/seed_5/corner_typical/netlists/26500042_nand3_4_typical.cir,results/prospective_locked_confirmation/sky130/seed_5/corner_typical/logs/26500042_nand3_4_typical.log,0,94,5,typical,42,3,stopping_evaluation
26500043,SKY130,130,NOR2,NOR2_1,NOR2_1,1,A_to_Y__B=0,1,2,4,1.3,2.0,1.6794770150451597,15.800926383476721,8.46875341255724,0.15249854519093384,typical,tt,1.90137,4.784730000000001,3.34305,2.73181,0.7512481670128182,ok,SPICE_SKY130_RELEASED_SPICE,off,0,0,sky130-pdk/libraries/sky130_fd_sc_hd/latest/cells/nor2/sky130_fd_sc_hd__nor2_1.spice,results/prospective_locked_confirmation/sky130/seed_5/corner_typical/netlists/26500043_nor2_1_typical.cir,results/prospective_locked_confirmation/sky130/seed_5/corner_typical/logs/26500043_nor2_1_typical.log,0,29,5,typical,43,3,stopping_evaluation
26500044,SKY130,130,NOR2,NOR2_4,NOR2_4,4,A_to_Y__B=0,1,2,16,5.2,8.0,1.6964678912011362,-34.07970980860647,7.145158981440405,0.17560790984527017,typical,tt,0.869553,2.7902400000000003,1.8298965,3.30811,2.119566624984145,ok,SPICE_SKY130_RELEASED_SPICE,off,0,0,sky130-pdk/libraries/sky130_fd_sc_hd/latest/cells/nor2/sky130_fd_sc_hd__nor2_4.spice,results/prospective_locked_confirmation/sky130/seed_5/corner_typical/netlists/26500044_nor2_4_typical.cir,results/prospective_locked_confirmation/sky130/seed_5/corner_typical/logs/26500044_nor2_4_typical.log,0,35,5,typical,44,3,stopping_evaluation
26500045,SKY130,130,OAI21,OAI21_1,O21AI_1,1,"A1_to_Y__A2=0,B1=1",1,3,6,1.9500000000000002,2.7,1.7820163831248217,-18.711122872546294,4.950035335729014,0.13576697886574415,typical,tt,1.4341000000000002,3.40911,2.421605,2.75738,0.9939969590050168,ok,SPICE_SKY130_RELEASED_SPICE,off,0,0,sky130-pdk/libraries/sky130_fd_sc_hd/latest/cells/o21ai/sky130_fd_sc_hd__o21ai_1.spice,results/prospective_locked_confirmation/sky130/seed_5/corner_typical/netlists/26500045_oai21_1_typical.cir,results/prospective_locked_confirmation/sky130/seed_5/corner_typical/logs/26500045_oai21_1_typical.log,0,61,5,typical,45,3,stopping_evaluation
26500046,SKY130,130,OAI21,OAI21_4,O21AI_4,4,"A1_to_Y__A2=0,B1=1",1,3,24,7.800000000000002,12.0,1.9673938254012096,37.24252269237148,0.2077989178614599,0.10645277581085077,typical,tt,0.16234300000000002,0.38955799999999996,0.27595050000000004,2.91968,2.635043999995105,ok,SPICE_SKY130_RELEASED_SPICE,off,0,0,sky130-pdk/libraries/sky130_fd_sc_hd/latest/cells/o21ai/sky130_fd_sc_hd__o21ai_4.spice,results/prospective_locked_confirmation/sky130/seed_5/corner_typical/netlists/26500046_oai21_4_typical.cir,results/prospective_locked_confirmation/sky130/seed_5/corner_typical/logs/26500046_oai21_4_typical.log,0,66,5,typical,46,3,stopping_evaluation
26500047,SKY130,130,XOR2,XOR2_1,XOR2_1,1,A_to_X__B=0,0,2,10,3.25,5.0,1.9169227254161028,24.38197905021204,10.594652376200267,0.14142347361062466,typical,tt,1.57933,1.33322,1.456275,3.68975,1.5022551250294782,ok,SPICE_SKY130_RELEASED_SPICE,off,0,0,sky130-pdk/libraries/sky130_fd_sc_hd/latest/cells/xor2/sky130_fd_sc_hd__xor2_1.spice,results/prospective_locked_confirmation/sky130/seed_5/corner_typical/netlists/26500047_xor2_1_typical.cir,results/prospective_locked_confirmation/sky130/seed_5/corner_typical/logs/26500047_xor2_1_typical.log,0,36,5,typical,47,3,stopping_evaluation
26500048,SKY130,130,XOR2,XOR2_4,XOR2_4,4,A_to_X__B=0,0,2,40,13.000000000000004,20.0,1.9501143827653733,5.31440221183292,5.835203166186325,0.06110740695412548,typical,tt,0.788293,0.0470285,0.41766075,2.54916,3.7135587909724563,ok,SPICE_SKY130_RELEASED_SPICE,off,0,0,sky130-pdk/libraries/sky130_fd_sc_hd/latest/cells/xor2/sky130_fd_sc_hd__xor2_4.spice,results/prospective_locked_confirmation/sky130/seed_5/corner_typical/netlists/26500048_xor2_4_typical.cir,results/prospective_locked_confirmation/sky130/seed_5/corner_typical/logs/26500048_xor2_4_typical.log,0,45,5,typical,48,3,stopping_evaluation
26500049,SKY130,130,AOI21,AOI21_1,A21OI_1,1,"A1_to_Y__A2=1,B1=0",1,3,6,1.9500000000000002,3.0,1.8257258698337495,86.82175635496793,5.161035100120258,0.11440163829571212,typical,tt,1.4153,2.49025,1.952775,2.48477,1.0590652499813586,ok,SPICE_SKY130_RELEASED_SPICE,off,0,0,sky130-pdk/libraries/sky130_fd_sc_hd/latest/cells/a21oi/sky130_fd_sc_hd__a21oi_1.spice,results/prospective_locked_confirmation/sky130/seed_5/corner_typical/netlists/26500049_aoi21_1_typical.cir,results/prospective_locked_confirmation/sky130/seed_5/corner_typical/logs/26500049_aoi21_1_typical.log,0,49,5,typical,49,4,stopping_evaluation
26500050,SKY130,130,AOI21,AOI21_4,A21OI_4,4,"A1_to_Y__A2=1,B1=0",1,3,24,7.800000000000002,12.0,1.7150378345728179,67.36526697535527,7.1423871412403,0.16134266278594545,typical,tt,0.9019959999999999,1.9960499999999999,1.449023,3.31141,3.1020012499648146,ok,SPICE_SKY130_RELEASED_SPICE,off,0,0,sky130-pdk/libraries/sky130_fd_sc_hd/latest/cells/a21oi/sky130_fd_sc_hd__a21oi_4.spice,results/prospective_locked_confirmation/sky130/seed_5/corner_typical/netlists/26500050_aoi21_4_typical.cir,results/prospective_locked_confirmation/sky130/seed_5/corner_typical/logs/26500050_aoi21_4_typical.log,0,54,5,typical,50,4,stopping_evaluation
26500051,SKY130,130,INV,INV_1,INV_1,1,A_to_Y,1,1,2,0.65,1.0,1.6923486615069827,-29.2180854783883,6.200571828445298,0.1477568268339374,typical,tt,1.5848900000000001,3.25321,2.4190500000000004,2.66133,0.5087480000220239,ok,SPICE_SKY130_RELEASED_SPICE,off,0,0,sky130-pdk/libraries/sky130_fd_sc_hd/latest/cells/inv/sky130_fd_sc_hd__inv_1.spice,results/prospective_locked_confirmation/sky130/seed_5/corner_typical/netlists/26500051_inv_1_typical.cir,results/prospective_locked_confirmation/sky130/seed_5/corner_typical/logs/26500051_inv_1_typical.log,0,2,5,typical,51,4,stopping_evaluation
26500052,SKY130,130,INV,INV_4,INV_4,4,A_to_Y,1,1,8,2.6,4.0,1.9548588277107561,-19.10935448497871,4.731033545271251,0.09613570945413549,typical,tt,0.199287,1.07211,0.6356984999999999,2.60484,1.245960375003051,ok,SPICE_SKY130_RELEASED_SPICE,off,0,0,sky130-pdk/libraries/sky130_fd_sc_hd/latest/cells/inv/sky130_fd_sc_hd__inv_4.spice,results/prospective_locked_confirmation/sky130/seed_5/corner_typical/netlists/26500052_inv_4_typical.cir,results/prospective_locked_confirmation/sky130/seed_5/corner_typical/logs/26500052_inv_4_typical.log,0,8,5,typical,52,4,stopping_evaluation
26500053,SKY130,130,MUX2,MUX2_1,MUX2_1,1,"A0_to_X__A1=0,S=0",0,3,12,2.75,3.1,1.7598413641745343,34.34282043952055,7.6725478329559,0.08708365523360624,typical,tt,1.59242,0.7386400000000001,1.16553,1.80746,1.7134276250144467,ok,SPICE_SKY130_RELEASED_SPICE,off,0,0,sky130-pdk/libraries/sky130_fd_sc_hd/latest/cells/mux2/sky130_fd_sc_hd__mux2_1.spice,results/prospective_locked_confirmation/sky130/seed_5/corner_typical/netlists/26500053_mux2_1_typical.cir,results/prospective_locked_confirmation/sky130/seed_5/corner_typical/logs/26500053_mux2_1_typical.log,0,72,5,typical,53,4,stopping_evaluation
26500054,SKY130,130,MUX2,MUX2_4,MUX2_4,4,"A0_to_X__A1=0,S=0",0,3,18,5.8500000000000005,9.0,1.833348190152736,32.530360891505055,4.04700142385148,0.13009048570028794,typical,tt,1.0467,0.504016,0.775358,3.10887,2.486713625025004,ok,SPICE_SKY130_RELEASED_SPICE,off,0,0,sky130-pdk/libraries/sky130_fd_sc_hd/latest/cells/mux2/sky130_fd_sc_hd__mux2_4.spice,results/prospective_locked_confirmation/sky130/seed_5/corner_typical/netlists/26500054_mux2_4_typical.cir,results/prospective_locked_confirmation/sky130/seed_5/corner_typical/logs/26500054_mux2_4_typical.log,0,80,5,typical,54,4,stopping_evaluation
26500055,SKY130,130,NAND2,NAND2_1,NAND2_1,1,A_to_Y__B=1,1,2,4,1.3,2.0,1.9726012784745912,-1.2059266365201609,6.259999776927439,0.07064304407482438,typical,tt,0.80665,1.85252,1.329585,1.82779,0.8073069590027444,ok,SPICE_SKY130_RELEASED_SPICE,off,0,0,sky130-pdk/libraries/sky130_fd_sc_hd/latest/cells/nand2/sky130_fd_sc_hd__nand2_1.spice,results/prospective_locked_confirmation/sky130/seed_5/corner_typical/netlists/26500055_nand2_1_typical.cir,results/prospective_locked_confirmation/sky130/seed_5/corner_typical/logs/26500055_nand2_1_typical.log,0,12,5,typical,55,4,stopping_evaluation
26500056,SKY130,130,NAND2,NAND2_4,NAND2_4,4,A_to_Y__B=1,1,2,16,5.2,8.0,1.8187219241622168,31.551882986273128,3.3283805387207113,0.10441754525612838,typical,tt,0.43228300000000003,0.916687,0.6744850000000001,2.35445,2.2387126249959692,ok,SPICE_SKY130_RELEASED_SPICE,off,0,0,sky130-pdk/libraries/sky130_fd_sc_hd/latest/cells/nand2/sky130_fd_sc_hd__nand2_4.spice,results/prospective_locked_confirmation/sky130/seed_5/corner_typical/netlists/26500056_nand2_4_typical.cir,results/prospective_locked_confirmation/sky130/seed_5/corner_typical/logs/26500056_nand2_4_typical.log,0,21,5,typical,56,4,stopping_evaluation
26500057,SKY130,130,NAND3,NAND3_1,NAND3_1,1,"A_to_Y__B=1,C=1",1,3,6,1.9500000000000002,3.0,1.77833781405983,-7.617966004796514,6.448807158647082,0.0327552173057999,typical,tt,0.752391,1.72302,1.2377055000000001,0.689578,1.0697958340169862,ok,SPICE_SKY130_RELEASED_SPICE,off,0,0,sky130-pdk/libraries/sky130_fd_sc_hd/latest/cells/nand3/sky130_fd_sc_hd__nand3_1.spice,results/prospective_locked_confirmation/sky130/seed_5/corner_typical/netlists/26500057_nand3_1_typical.cir,results/prospective_locked_confirmation/sky130/seed_5/corner_typical/logs/26500057_nand3_1_typical.log,0,86,5,typical,57,4,stopping_evaluation
26500058,SKY130,130,NAND3,NAND3_4,NAND3_4,4,"A_to_Y__B=1,C=1",1,3,24,7.800000000000002,12.0,1.8063896956488907,28.340640796216547,11.760170706860432,0.05631726935679891,typical,tt,0.19464,1.56989,0.8822650000000001,1.89684,2.834628665994387,ok,SPICE_SKY130_RELEASED_SPICE,off,0,0,sky130-pdk/libraries/sky130_fd_sc_hd/latest/cells/nand3/sky130_fd_sc_hd__nand3_4.spice,results/prospective_locked_confirmation/sky130/seed_5/corner_typical/netlists/26500058_nand3_4_typical.cir,results/prospective_locked_confirmation/sky130/seed_5/corner_typical/logs/26500058_nand3_4_typical.log,0,90,5,typical,58,4,stopping_evaluation
26500059,SKY130,130,NOR2,NOR2_1,NOR2_1,1,A_to_Y__B=0,1,2,4,1.3,2.0,1.974451156320706,7.828544826524784,5.333281716909491,0.06471975595336144,typical,tt,0.58001,1.88439,1.2322,1.69223,0.7352578330319375,ok,SPICE_SKY130_RELEASED_SPICE,off,0,0,sky130-pdk/libraries/sky130_fd_sc_hd/latest/cells/nor2/sky130_fd_sc_hd__nor2_1.spice,results/prospective_locked_confirmation/sky130/seed_5/corner_typical/netlists/26500059_nor2_1_typical.cir,results/prospective_locked_confirmation/sky130/seed_5/corner_typical/logs/26500059_nor2_1_typical.log,0,24,5,typical,59,4,stopping_evaluation
26500060,SKY130,130,NOR2,NOR2_4,NOR2_4,4,A_to_Y__B=0,1,2,16,5.2,8.0,1.8203312872942876,79.93598592882948,2.3780221632808654,0.15336772506406846,typical,tt,0.428605,0.993617,0.7111109999999999,3.45993,1.9873135840171017,ok,SPICE_SKY130_RELEASED_SPICE,off,0,0,sky130-pdk/libraries/sky130_fd_sc_hd/latest/cells/nor2/sky130_fd_sc_hd__nor2_4.spice,results/prospective_locked_confirmation/sky130/seed_5/corner_typical/netlists/26500060_nor2_4_typical.cir,results/prospective_locked_confirmation/sky130/seed_5/corner_typical/logs/26500060_nor2_4_typical.log,0,33,5,typical,60,4,stopping_evaluation
26500061,SKY130,130,OAI21,OAI21_1,O21AI_1,1,"A1_to_Y__A2=0,B1=1",1,3,6,1.9500000000000002,2.7,1.6928839413452983,32.97373006869789,6.658018328282919,0.03334712667832683,typical,tt,0.817191,2.04514,1.4311654999999999,0.662851,0.9918953750166111,ok,SPICE_SKY130_RELEASED_SPICE,off,0,0,sky130-pdk/libraries/sky130_fd_sc_hd/latest/cells/o21ai/sky130_fd_sc_hd__o21ai_1.spice,results/prospective_locked_confirmation/sky130/seed_5/corner_typical/netlists/26500061_oai21_1_typical.cir,results/prospective_locked_confirmation/sky130/seed_5/corner_typical/logs/26500061_oai21_1_typical.log,0,60,5,typical,61,4,stopping_evaluation
26500062,SKY130,130,OAI21,OAI21_4,O21AI_4,4,"A1_to_Y__A2=0,B1=1",1,3,24,7.800000000000002,12.0,1.8711475886680542,91.4278761561284,9.634271020472054,0.07615073942994598,typical,tt,0.260754,1.4254200000000001,0.843087,3.26663,2.5415485419798642,ok,SPICE_SKY130_RELEASED_SPICE,off,0,0,sky130-pdk/libraries/sky130_fd_sc_hd/latest/cells/o21ai/sky130_fd_sc_hd__o21ai_4.spice,results/prospective_locked_confirmation/sky130/seed_5/corner_typical/netlists/26500062_oai21_4_typical.cir,results/prospective_locked_confirmation/sky130/seed_5/corner_typical/logs/26500062_oai21_4_typical.log,0,71,5,typical,62,4,stopping_evaluation
26500063,SKY130,130,XOR2,XOR2_1,XOR2_1,1,A_to_X__B=0,0,2,10,3.25,5.0,1.7736703211256888,11.875882902486559,3.430577875579604,0.07779833480410535,typical,tt,0.8559329999999999,1.22058,1.0382565,1.65807,1.4040381670347415,ok,SPICE_SKY130_RELEASED_SPICE,off,0,0,sky130-pdk/libraries/sky130_fd_sc_hd/latest/cells/xor2/sky130_fd_sc_hd__xor2_1.spice,results/prospective_locked_confirmation/sky130/seed_5/corner_typical/netlists/26500063_xor2_1_typical.cir,results/prospective_locked_confirmation/sky130/seed_5/corner_typical/logs/26500063_xor2_1_typical.log,0,37,5,typical,63,4,stopping_evaluation
26500064,SKY130,130,XOR2,XOR2_4,XOR2_4,4,A_to_X__B=0,0,2,40,13.000000000000004,20.0,1.6206410623796528,49.8852534131088,1.362105087983455,0.10809614491072651,typical,tt,0.49809899999999996,0.634899,0.566499,2.15505,3.5341232079663314,ok,SPICE_SKY130_RELEASED_SPICE,off,0,0,sky130-pdk/libraries/sky130_fd_sc_hd/latest/cells/xor2/sky130_fd_sc_hd__xor2_4.spice,results/prospective_locked_confirmation/sky130/seed_5/corner_typical/netlists/26500064_xor2_4_typical.cir,results/prospective_locked_confirmation/sky130/seed_5/corner_typical/logs/26500064_xor2_4_typical.log,0,44,5,typical,64,4,stopping_evaluation
26500065,SKY130,130,AOI21,AOI21_1,A21OI_1,1,"A1_to_Y__A2=1,B1=0",1,3,6,1.9500000000000002,3.0,1.7885629376241603,59.52341381992372,8.346274079643042,0.027983990780786113,typical,tt,0.5767920000000001,1.7521600000000002,1.164476,0.703664,1.0883840420283377,ok,SPICE_SKY130_RELEASED_SPICE,off,0,0,sky130-pdk/libraries/sky130_fd_sc_hd/latest/cells/a21oi/sky130_fd_sc_hd__a21oi_1.spice,results/prospective_locked_confirmation/sky130/seed_5/corner_typical/netlists/26500065_aoi21_1_typical.cir,results/prospective_locked_confirmation/sky130/seed_5/corner_typical/logs/26500065_aoi21_1_typical.log,0,53,5,typical,65,5,stopping_evaluation
26500066,SKY130,130,AOI21,AOI21_4,A21OI_4,4,"A1_to_Y__A2=1,B1=0",1,3,24,7.800000000000002,12.0,1.7915343742627559,72.6182794051346,4.7945881341476495,0.07445312708914462,typical,tt,0.40350899999999995,1.04264,0.7230745000000001,1.93746,3.177221334015485,ok,SPICE_SKY130_RELEASED_SPICE,off,0,0,sky130-pdk/libraries/sky130_fd_sc_hd/latest/cells/a21oi/sky130_fd_sc_hd__a21oi_4.spice,results/prospective_locked_confirmation/sky130/seed_5/corner_typical/netlists/26500066_aoi21_4_typical.cir,results/prospective_locked_confirmation/sky130/seed_5/corner_typical/logs/26500066_aoi21_4_typical.log,0,56,5,typical,66,5,stopping_evaluation
26500067,SKY130,130,INV,INV_1,INV_1,1,A_to_Y,1,1,2,0.65,1.0,1.8457337169210803,-0.26446095141290016,2.1915062463124007,0.06853319725091146,typical,tt,0.555425,1.0960400000000001,0.8257325,1.48325,0.4963991669937968,ok,SPICE_SKY130_RELEASED_SPICE,off,0,0,sky130-pdk/libraries/sky130_fd_sc_hd/latest/cells/inv/sky130_fd_sc_hd__inv_1.spice,results/prospective_locked_confirmation/sky130/seed_5/corner_typical/netlists/26500067_inv_1_typical.cir,results/prospective_locked_confirmation/sky130/seed_5/corner_typical/logs/26500067_inv_1_typical.log,0,0,5,typical,67,5,stopping_evaluation
26500068,SKY130,130,INV,INV_4,INV_4,4,A_to_Y,1,1,8,2.6,4.0,1.8951194387839139,90.52799289985498,2.3907698461393454,0.12429178897060342,typical,tt,0.32256,0.682372,0.502466,3.15033,1.2712997500202619,ok,SPICE_SKY130_RELEASED_SPICE,off,0,0,sky130-pdk/libraries/sky130_fd_sc_hd/latest/cells/inv/sky130_fd_sc_hd__inv_4.spice,results/prospective_locked_confirmation/sky130/seed_5/corner_typical/netlists/26500068_inv_4_typical.cir,results/prospective_locked_confirmation/sky130/seed_5/corner_typical/logs/26500068_inv_4_typical.log,0,6,5,typical,68,5,stopping_evaluation
26500069,SKY130,130,MUX2,MUX2_1,MUX2_1,1,"A0_to_X__A1=0,S=0",0,3,12,2.75,3.1,1.9014773457350405,53.34987981955925,3.5498371621627127,0.04312671266690727,typical,tt,0.84948,0.36446999999999996,0.6069749999999999,1.12289,1.7927682920126244,ok,SPICE_SKY130_RELEASED_SPICE,off,0,0,sky130-pdk/libraries/sky130_fd_sc_hd/latest/cells/mux2/sky130_fd_sc_hd__mux2_1.spice,results/prospective_locked_confirmation/sky130/seed_5/corner_typical/netlists/26500069_mux2_1_typical.cir,results/prospective_locked_confirmation/sky130/seed_5/corner_typical/logs/26500069_mux2_1_typical.log,0,73,5,typical,69,5,stopping_evaluation
26500070,SKY130,130,MUX2,MUX2_4,MUX2_4,4,"A0_to_X__A1=0,S=0",0,3,18,5.8500000000000005,9.0,1.6294827724396628,-7.1756095575190315,8.865157600145833,0.0972434928449935,typical,tt,2.21951,0.870773,1.5451415,1.85281,2.627492583997082,ok,SPICE_SKY130_RELEASED_SPICE,off,0,0,sky130-pdk/libraries/sky130_fd_sc_hd/latest/cells/mux2/sky130_fd_sc_hd__mux2_4.spice,results/prospective_locked_confirmation/sky130/seed_5/corner_typical/netlists/26500070_mux2_4_typical.cir,results/prospective_locked_confirmation/sky130/seed_5/corner_typical/logs/26500070_mux2_4_typical.log,0,78,5,typical,70,5,stopping_evaluation
26500071,SKY130,130,NAND2,NAND2_1,NAND2_1,1,A_to_Y__B=1,1,2,4,1.3,2.0,1.826610584323543,81.81058979884256,11.232101526403788,0.05072354228447535,typical,tt,0.911235,2.0808400000000002,1.4960375,1.36356,0.8365001670317724,ok,SPICE_SKY130_RELEASED_SPICE,off,0,0,sky130-pdk/libraries/sky130_fd_sc_hd/latest/cells/nand2/sky130_fd_sc_hd__nand2_1.spice,results/prospective_locked_confirmation/sky130/seed_5/corner_typical/netlists/26500071_nand2_1_typical.cir,results/prospective_locked_confirmation/sky130/seed_5/corner_typical/logs/26500071_nand2_1_typical.log,0,14,5,typical,71,5,stopping_evaluation
26500072,SKY130,130,NAND2,NAND2_4,NAND2_4,4,A_to_Y__B=1,1,2,16,5.2,8.0,1.7604880650549626,-8.909599253038728,0.4338008329349969,0.15714243162234415,typical,tt,0.27165,0.430808,0.351229,3.14998,2.3324051249655895,ok,SPICE_SKY130_RELEASED_SPICE,off,0,0,sky130-pdk/libraries/sky130_fd_sc_hd/latest/cells/nand2/sky130_fd_sc_hd__nand2_4.spice,results/prospective_locked_confirmation/sky130/seed_5/corner_typical/netlists/26500072_nand2_4_typical.cir,results/prospective_locked_confirmation/sky130/seed_5/corner_typical/logs/26500072_nand2_4_typical.log,0,23,5,typical,72,5,stopping_evaluation
26500073,SKY130,130,NAND3,NAND3_1,NAND3_1,1,"A_to_Y__B=1,C=1",1,3,6,1.9500000000000002,3.0,1.67089525190778,55.35682419218078,3.257652925341444,0.16293323233958928,typical,tt,1.91512,2.17499,2.045055,2.87471,1.0732150829862803,ok,SPICE_SKY130_RELEASED_SPICE,off,0,0,sky130-pdk/libraries/sky130_fd_sc_hd/latest/cells/nand3/sky130_fd_sc_hd__nand3_1.spice,results/prospective_locked_confirmation/sky130/seed_5/corner_typical/netlists/26500073_nand3_1_typical.cir,results/prospective_locked_confirmation/sky130/seed_5/corner_typical/logs/26500073_nand3_1_typical.log,0,88,5,typical,73,5,stopping_evaluation
26500074,SKY130,130,NAND3,NAND3_4,NAND3_4,4,"A_to_Y__B=1,C=1",1,3,24,7.800000000000002,12.0,1.717389075137754,12.802666684069607,4.425126685060281,0.009565552485896595,typical,tt,0.040500100000000004,0.598194,0.31934705,0.35578,2.8782694580149837,ok,SPICE_SKY130_RELEASED_SPICE,off,0,0,sky130-pdk/libraries/sky130_fd_sc_hd/latest/cells/nand3/sky130_fd_sc_hd__nand3_4.spice,results/prospective_locked_confirmation/sky130/seed_5/corner_typical/netlists/26500074_nand3_4_typical.cir,results/prospective_locked_confirmation/sky130/seed_5/corner_typical/logs/26500074_nand3_4_typical.log,0,93,5,typical,74,5,stopping_evaluation
26500075,SKY130,130,NOR2,NOR2_1,NOR2_1,1,A_to_Y__B=0,1,2,4,1.3,2.0,1.8428813440045135,-21.657418269487966,1.9242708033855158,0.09227867733999606,typical,tt,0.629555,1.8086,1.2190774999999998,2.00764,0.8331580419908278,ok,SPICE_SKY130_RELEASED_SPICE,off,0,0,sky130-pdk/libraries/sky130_fd_sc_hd/latest/cells/nor2/sky130_fd_sc_hd__nor2_1.spice,results/prospective_locked_confirmation/sky130/seed_5/corner_typical/netlists/26500075_nor2_1_typical.cir,results/prospective_locked_confirmation/sky130/seed_5/corner_typical/logs/26500075_nor2_1_typical.log,0,25,5,typical,75,5,stopping_evaluation
26500076,SKY130,130,NOR2,NOR2_4,NOR2_4,4,A_to_Y__B=0,1,2,16,5.2,8.0,1.7669418704391933,14.90682917198722,10.675950773718577,0.08405147908984527,typical,tt,0.297061,2.17063,1.2338455000000002,2.0099,2.116990667011123,ok,SPICE_SKY130_RELEASED_SPICE,off,0,0,sky130-pdk/libraries/sky130_fd_sc_hd/latest/cells/nor2/sky130_fd_sc_hd__nor2_4.spice,results/prospective_locked_confirmation/sky130/seed_5/corner_typical/netlists/26500076_nor2_4_typical.cir,results/prospective_locked_confirmation/sky130/seed_5/corner_typical/logs/26500076_nor2_4_typical.log,0,30,5,typical,76,5,stopping_evaluation
26500077,SKY130,130,OAI21,OAI21_1,O21AI_1,1,"A1_to_Y__A2=0,B1=1",1,3,6,1.9500000000000002,2.7,1.848559566255632,84.75763073732408,2.776265800667254,0.17226902598096824,typical,tt,1.31643,2.67903,1.9977299999999998,3.76523,1.0059356659767218,ok,SPICE_SKY130_RELEASED_SPICE,off,0,0,sky130-pdk/libraries/sky130_fd_sc_hd/latest/cells/o21ai/sky130_fd_sc_hd__o21ai_1.spice,results/prospective_locked_confirmation/sky130/seed_5/corner_typical/netlists/26500077_oai21_1_typical.cir,results/prospective_locked_confirmation/sky130/seed_5/corner_typical/logs/26500077_oai21_1_typical.log,0,63,5,typical,77,5,stopping_evaluation
26500078,SKY130,130,OAI21,OAI21_4,O21AI_4,4,"A1_to_Y__A2=0,B1=1",1,3,24,7.800000000000002,12.0,1.7825578135376756,60.681940884800326,5.583462477129612,0.006338599636961199,typical,tt,-0.0194006,0.649842,0.31522069999999996,0.710565,2.534423249948304,ok,SPICE_SKY130_RELEASED_SPICE,off,0,0,sky130-pdk/libraries/sky130_fd_sc_hd/latest/cells/o21ai/sky130_fd_sc_hd__o21ai_4.spice,results/prospective_locked_confirmation/sky130/seed_5/corner_typical/netlists/26500078_oai21_4_typical.cir,results/prospective_locked_confirmation/sky130/seed_5/corner_typical/logs/26500078_oai21_4_typical.log,0,70,5,typical,78,5,stopping_evaluation
26500079,SKY130,130,XOR2,XOR2_1,XOR2_1,1,A_to_X__B=0,0,2,10,3.25,5.0,1.8398054024701023,44.06448930889013,6.784114628581151,0.003171317005200857,typical,tt,0.7689900000000001,-0.0494179,0.35978605,0.332974,1.360103499959223,ok,SPICE_SKY130_RELEASED_SPICE,off,0,0,sky130-pdk/libraries/sky130_fd_sc_hd/latest/cells/xor2/sky130_fd_sc_hd__xor2_1.spice,results/prospective_locked_confirmation/sky130/seed_5/corner_typical/netlists/26500079_xor2_1_typical.cir,results/prospective_locked_confirmation/sky130/seed_5/corner_typical/logs/26500079_xor2_1_typical.log,0,40,5,typical,79,5,stopping_evaluation
26500080,SKY130,130,XOR2,XOR2_4,XOR2_4,4,A_to_X__B=0,0,2,40,13.000000000000004,20.0,1.8877000205996348,95.94902110855335,7.687101130008804,0.1376261791010041,typical,tt,0.89387,0.26514699999999997,0.5795085,5.28576,3.5449797910405323,ok,SPICE_SKY130_RELEASED_SPICE,off,0,0,sky130-pdk/libraries/sky130_fd_sc_hd/latest/cells/xor2/sky130_fd_sc_hd__xor2_4.spice,results/prospective_locked_confirmation/sky130/seed_5/corner_typical/netlists/26500080_xor2_4_typical.cir,results/prospective_locked_confirmation/sky130/seed_5/corner_typical/logs/26500080_xor2_4_typical.log,0,43,5,typical,80,5,stopping_evaluation
26500081,SKY130,130,AOI21,AOI21_1,A21OI_1,1,"A1_to_Y__A2=1,B1=0",1,3,6,1.9500000000000002,3.0,1.7307563980595442,100.81819510285354,6.485216826127034,0.15849216088285342,typical,tt,2.07901,3.51639,2.7977,3.05285,0.9998636249802075,ok,SPICE_SKY130_RELEASED_SPICE,off,0,0,sky130-pdk/libraries/sky130_fd_sc_hd/latest/cells/a21oi/sky130_fd_sc_hd__a21oi_1.spice,results/prospective_locked_confirmation/sky130/seed_5/corner_typical/netlists/26500081_aoi21_1_typical.cir,results/prospective_locked_confirmation/sky130/seed_5/corner_typical/logs/26500081_aoi21_1_typical.log,0,48,5,typical,81,6,reference_completion
26500082,SKY130,130,AOI21,AOI21_4,A21OI_4,4,"A1_to_Y__A2=1,B1=0",1,3,24,7.800000000000002,12.0,1.8706542464068225,11.25934015704835,10.398985014787973,0.12300144341133318,typical,tt,0.446079,2.1928300000000003,1.3194545,3.28567,3.0898031250108033,ok,SPICE_SKY130_RELEASED_SPICE,off,0,0,sky130-pdk/libraries/sky130_fd_sc_hd/latest/cells/a21oi/sky130_fd_sc_hd__a21oi_4.spice,results/prospective_locked_confirmation/sky130/seed_5/corner_typical/netlists/26500082_aoi21_4_typical.cir,results/prospective_locked_confirmation/sky130/seed_5/corner_typical/logs/26500082_aoi21_4_typical.log,0,58,5,typical,82,6,reference_completion
26500083,SKY130,130,INV,INV_1,INV_1,1,A_to_Y,1,1,2,0.65,1.0,1.621216366670318,31.199484034856894,5.268669032502349,0.11575580212815015,typical,tt,1.411,2.60298,2.00699,1.91945,0.5047194170183502,ok,SPICE_SKY130_RELEASED_SPICE,off,0,0,sky130-pdk/libraries/sky130_fd_sc_hd/latest/cells/inv/sky130_fd_sc_hd__inv_1.spice,results/prospective_locked_confirmation/sky130/seed_5/corner_typical/netlists/26500083_inv_1_typical.cir,results/prospective_locked_confirmation/sky130/seed_5/corner_typical/logs/26500083_inv_1_typical.log,0,4,5,typical,83,6,reference_completion
26500084,SKY130,130,INV,INV_4,INV_4,4,A_to_Y,1,1,8,2.6,4.0,1.6407330178082322,38.55825094181915,6.0473387567838826,0.05415371368714436,typical,tt,0.34762,1.21972,0.7836700000000001,1.04454,1.1224458329961635,ok,SPICE_SKY130_RELEASED_SPICE,off,0,0,sky130-pdk/libraries/sky130_fd_sc_hd/latest/cells/inv/sky130_fd_sc_hd__inv_4.spice,results/prospective_locked_confirmation/sky130/seed_5/corner_typical/netlists/26500084_inv_4_typical.cir,results/prospective_locked_confirmation/sky130/seed_5/corner_typical/logs/26500084_inv_4_typical.log,0,7,5,typical,84,6,reference_completion
26500085,SKY130,130,MUX2,MUX2_1,MUX2_1,1,"A0_to_X__A1=0,S=0",0,3,12,2.75,3.1,1.824443681305957,-1.1140933258934709,9.257898845210974,0.10629764258757968,typical,tt,1.81064,0.737597,1.2741185000000002,2.34178,1.7149586249724962,ok,SPICE_SKY130_RELEASED_SPICE,off,0,0,sky130-pdk/libraries/sky130_fd_sc_hd/latest/cells/mux2/sky130_fd_sc_hd__mux2_1.spice,results/prospective_locked_confirmation/sky130/seed_5/corner_typical/netlists/26500085_mux2_1_typical.cir,results/prospective_locked_confirmation/sky130/seed_5/corner_typical/logs/26500085_mux2_1_typical.log,0,76,5,typical,85,6,reference_completion
26500086,SKY130,130,MUX2,MUX2_4,MUX2_4,4,"A0_to_X__A1=0,S=0",0,3,18,5.8500000000000005,9.0,1.795970645531161,54.501932861931735,1.9947509662477483,0.1730845918801866,typical,tt,0.796065,0.573761,0.684913,3.82651,2.440558416012209,ok,SPICE_SKY130_RELEASED_SPICE,off,0,0,sky130-pdk/libraries/sky130_fd_sc_hd/latest/cells/mux2/sky130_fd_sc_hd__mux2_4.spice,results/prospective_locked_confirmation/sky130/seed_5/corner_typical/netlists/26500086_mux2_4_typical.cir,results/prospective_locked_confirmation/sky130/seed_5/corner_typical/logs/26500086_mux2_4_typical.log,0,82,5,typical,86,6,reference_completion
26500087,SKY130,130,NAND2,NAND2_1,NAND2_1,1,A_to_Y__B=1,1,2,4,1.3,2.0,1.7590331735142708,51.62988442406183,6.001969736603815,0.1399158933878853,typical,tt,1.75362,2.62985,2.191735,2.75348,0.7385647090268321,ok,SPICE_SKY130_RELEASED_SPICE,off,0,0,sky130-pdk/libraries/sky130_fd_sc_hd/latest/cells/nand2/sky130_fd_sc_hd__nand2_1.spice,results/prospective_locked_confirmation/sky130/seed_5/corner_typical/netlists/26500087_nand2_1_typical.cir,results/prospective_locked_confirmation/sky130/seed_5/corner_typical/logs/26500087_nand2_1_typical.log,0,17,5,typical,87,6,reference_completion
26500088,SKY130,130,NAND2,NAND2_4,NAND2_4,4,A_to_Y__B=1,1,2,16,5.2,8.0,1.9114541648811403,61.64852315014997,7.808048152074982,0.05055296315738003,typical,tt,0.0903133,0.9556570000000001,0.5229851500000001,2.57073,2.138361375022214,ok,SPICE_SKY130_RELEASED_SPICE,off,0,0,sky130-pdk/libraries/sky130_fd_sc_hd/latest/cells/nand2/sky130_fd_sc_hd__nand2_4.spice,results/prospective_locked_confirmation/sky130/seed_5/corner_typical/netlists/26500088_nand2_4_typical.cir,results/prospective_locked_confirmation/sky130/seed_5/corner_typical/logs/26500088_nand2_4_typical.log,0,22,5,typical,88,6,reference_completion
26500089,SKY130,130,NAND3,NAND3_1,NAND3_1,1,"A_to_Y__B=1,C=1",1,3,6,1.9500000000000002,3.0,1.829936496159037,21.029771117773578,10.971825539405533,0.133698421187912,typical,tt,2.22393,3.63274,2.9283349999999997,2.88985,1.0409864590037614,ok,SPICE_SKY130_RELEASED_SPICE,off,0,0,sky130-pdk/libraries/sky130_fd_sc_hd/latest/cells/nand3/sky130_fd_sc_hd__nand3_1.spice,results/prospective_locked_confirmation/sky130/seed_5/corner_typical/netlists/26500089_nand3_1_typical.cir,results/prospective_locked_confirmation/sky130/seed_5/corner_typical/logs/26500089_nand3_1_typical.log,0,85,5,typical,89,6,reference_completion
26500090,SKY130,130,NAND3,NAND3_4,NAND3_4,4,"A_to_Y__B=1,C=1",1,3,24,7.800000000000002,12.0,1.9260852392473877,78.22720870131097,2.3728803971614245,0.12010997908052615,typical,tt,0.48274399999999995,0.668489,0.5756165000000001,3.15022,2.8269199579954147,ok,SPICE_SKY130_RELEASED_SPICE,off,0,0,sky130-pdk/libraries/sky130_fd_sc_hd/latest/cells/nand3/sky130_fd_sc_hd__nand3_4.spice,results/prospective_locked_confirmation/sky130/seed_5/corner_typical/netlists/26500090_nand3_4_typical.cir,results/prospective_locked_confirmation/sky130/seed_5/corner_typical/logs/26500090_nand3_4_typical.log,0,92,5,typical,90,6,reference_completion
26500091,SKY130,130,NOR2,NOR2_1,NOR2_1,1,A_to_Y__B=0,1,2,4,1.3,2.0,1.6807000846574385,79.86179032182746,6.5388885024431325,0.1189553446555348,typical,tt,1.4729400000000001,3.26868,2.37081,2.16281,0.7529629159835167,ok,SPICE_SKY130_RELEASED_SPICE,off,0,0,sky130-pdk/libraries/sky130_fd_sc_hd/latest/cells/nor2/sky130_fd_sc_hd__nor2_1.spice,results/prospective_locked_confirmation/sky130/seed_5/corner_typical/netlists/26500091_nor2_1_typical.cir,results/prospective_locked_confirmation/sky130/seed_5/corner_typical/logs/26500091_nor2_1_typical.log,0,27,5,typical,91,6,reference_completion
26500092,SKY130,130,NOR2,NOR2_4,NOR2_4,4,A_to_Y__B=0,1,2,16,5.2,8.0,1.9083309409241151,47.05643801689948,4.1788047183128345,0.054753098664191875,typical,tt,0.13557100000000002,0.821562,0.47856650000000006,1.81885,2.08137429197086,ok,SPICE_SKY130_RELEASED_SPICE,off,0,0,sky130-pdk/libraries/sky130_fd_sc_hd/latest/cells/nor2/sky130_fd_sc_hd__nor2_4.spice,results/prospective_locked_confirmation/sky130/seed_5/corner_typical/netlists/26500092_nor2_4_typical.cir,results/prospective_locked_confirmation/sky130/seed_5/corner_typical/logs/26500092_nor2_4_typical.log,0,32,5,typical,92,6,reference_completion
26500093,SKY130,130,OAI21,OAI21_1,O21AI_1,1,"A1_to_Y__A2=0,B1=1",1,3,6,1.9500000000000002,2.7,1.889403386813742,4.9246624776418315,8.202493013482938,0.0874168816948139,typical,tt,1.1298400000000002,2.97148,2.05066,2.05719,1.0547817499609664,ok,SPICE_SKY130_RELEASED_SPICE,off,0,0,sky130-pdk/libraries/sky130_fd_sc_hd/latest/cells/o21ai/sky130_fd_sc_hd__o21ai_1.spice,results/prospective_locked_confirmation/sky130/seed_5/corner_typical/netlists/26500093_oai21_1_typical.cir,results/prospective_locked_confirmation/sky130/seed_5/corner_typical/logs/26500093_oai21_1_typical.log,0,64,5,typical,93,6,reference_completion
26500094,SKY130,130,OAI21,OAI21_4,O21AI_4,4,"A1_to_Y__A2=0,B1=1",1,3,24,7.800000000000002,12.0,1.7333071767828347,13.496763814948515,11.867093210727175,0.1843324123739482,typical,tt,1.09248,3.28274,2.1876100000000003,3.7827,2.513005916029215,ok,SPICE_SKY130_RELEASED_SPICE,off,0,0,sky130-pdk/libraries/sky130_fd_sc_hd/latest/cells/o21ai/sky130_fd_sc_hd__o21ai_4.spice,results/prospective_locked_confirmation/sky130/seed_5/corner_typical/netlists/26500094_oai21_4_typical.cir,results/prospective_locked_confirmation/sky130/seed_5/corner_typical/logs/26500094_oai21_4_typical.log,0,69,5,typical,94,6,reference_completion
26500095,SKY130,130,XOR2,XOR2_1,XOR2_1,1,A_to_X__B=0,0,2,10,3.25,5.0,1.7041008236754622,94.27246946578887,4.526534939577156,0.1082825160431803,typical,tt,0.978808,1.62647,1.302639,2.15113,1.3811114999698475,ok,SPICE_SKY130_RELEASED_SPICE,off,0,0,sky130-pdk/libraries/sky130_fd_sc_hd/latest/cells/xor2/sky130_fd_sc_hd__xor2_1.spice,results/prospective_locked_confirmation/sky130/seed_5/corner_typical/netlists/26500095_xor2_1_typical.cir,results/prospective_locked_confirmation/sky130/seed_5/corner_typical/logs/26500095_xor2_1_typical.log,0,41,5,typical,95,6,reference_completion
26500096,SKY130,130,XOR2,XOR2_4,XOR2_4,4,A_to_X__B=0,0,2,40,13.000000000000004,20.0,1.7623426701681535,23.263064694817274,9.13838663474004,0.09780961413095639,typical,tt,1.21937,0.240447,0.7299085000000001,2.64774,3.552064874966163,ok,SPICE_SKY130_RELEASED_SPICE,off,0,0,sky130-pdk/libraries/sky130_fd_sc_hd/latest/cells/xor2/sky130_fd_sc_hd__xor2_4.spice,results/prospective_locked_confirmation/sky130/seed_5/corner_typical/netlists/26500096_xor2_4_typical.cir,results/prospective_locked_confirmation/sky130/seed_5/corner_typical/logs/26500096_xor2_4_typical.log,0,47,5,typical,96,6,reference_completion
