sample_id,pdk,process_node_nm,cell_family,cell_variant,source_cell_variant,drive_strength,input_arc,inverting,input_count,transistor_count,total_n_width_um,total_p_width_um,Vdd,Temp,slew_ns,Cload_pF,corner,model_corner,tphl_ns,tplh_ns,delay_avg_ns,power_avg_uW,spice_wall_time_s,status,fidelity,statistical_mode,mc_mm_switch,mc_pr_switch,released_spice_path,netlist_path,log_path,ngspice_returncode,candidate_id,seed,heldout_corner,query_order,batch_index
15110001,SKY130,130,AOI21,AOI21_1,A21OI_1,1,"A1_to_Y__A2=1,B1=0",1,3,6,1.9500000000000002,3.0,1.7754510696876733,106.5088578204898,10.339541997131388,0.05629182422801116,ff,ff,0.47352000000000005,1.96702,1.22027,1.85226,1.8425680420477875,ok,SPICE_SKY130_RELEASED_SPICE,off,0,0,sky130-pdk/libraries/sky130_fd_sc_hd/latest/cells/a21oi/sky130_fd_sc_hd__a21oi_1.spice,results/sky130_cross_pdk_replication/online/runs/seed_1/corner_ff/netlists/15110001_aoi21_1_ff.cir,results/sky130_cross_pdk_replication/online/runs/seed_1/corner_ff/logs/15110001_aoi21_1_ff.log,0,53,1,ff,1,1
15110002,SKY130,130,AOI21,AOI21_4,A21OI_4,4,"A1_to_Y__A2=1,B1=0",1,3,24,7.800000000000002,12.0,1.9268106757211445,9.775169305263638,11.700220566512845,0.022370781563222048,ff,ff,-0.7872020000000001,1.36334,0.28806899999999996,4.4364,5.745114666991867,ok,SPICE_SKY130_RELEASED_SPICE,off,0,0,sky130-pdk/libraries/sky130_fd_sc_hd/latest/cells/a21oi/sky130_fd_sc_hd__a21oi_4.spice,results/sky130_cross_pdk_replication/online/runs/seed_1/corner_ff/netlists/15110002_aoi21_4_ff.cir,results/sky130_cross_pdk_replication/online/runs/seed_1/corner_ff/logs/15110002_aoi21_4_ff.log,0,56,1,ff,2,1
15110003,SKY130,130,INV,INV_1,INV_1,1,A_to_Y,1,1,2,0.65,1.0,1.9581341496285871,-16.994529575703194,6.244278092342321,0.18091651798601166,ff,ff,0.798598,2.42365,1.611124,4.56677,0.9150282500195317,ok,SPICE_SKY130_RELEASED_SPICE,off,0,0,sky130-pdk/libraries/sky130_fd_sc_hd/latest/cells/inv/sky130_fd_sc_hd__inv_1.spice,results/sky130_cross_pdk_replication/online/runs/seed_1/corner_ff/netlists/15110003_inv_1_ff.cir,results/sky130_cross_pdk_replication/online/runs/seed_1/corner_ff/logs/15110003_inv_1_ff.log,0,5,1,ff,3,1
15110004,SKY130,130,INV,INV_4,INV_4,4,A_to_Y,1,1,8,2.6,4.0,1.6350577535676245,108.13754777072504,8.939542359751536,0.17640614876309874,ff,ff,0.318963,1.5320099999999999,0.9254865,4.73448,2.2427902500494383,ok,SPICE_SKY130_RELEASED_SPICE,off,0,0,sky130-pdk/libraries/sky130_fd_sc_hd/latest/cells/inv/sky130_fd_sc_hd__inv_4.spice,results/sky130_cross_pdk_replication/online/runs/seed_1/corner_ff/netlists/15110004_inv_4_ff.cir,results/sky130_cross_pdk_replication/online/runs/seed_1/corner_ff/logs/15110004_inv_4_ff.log,0,7,1,ff,4,1
15110005,SKY130,130,MUX2,MUX2_1,MUX2_1,1,"A0_to_X__A1=0,S=0",0,3,12,2.75,3.1,1.9668913231879417,103.74021533505336,1.4939792117338757,0.10649546301435756,ff,ff,0.602875,0.499915,0.5513950000000001,2.80127,3.2289631660096347,ok,SPICE_SKY130_RELEASED_SPICE,off,0,0,sky130-pdk/libraries/sky130_fd_sc_hd/latest/cells/mux2/sky130_fd_sc_hd__mux2_1.spice,results/sky130_cross_pdk_replication/online/runs/seed_1/corner_ff/netlists/15110005_mux2_1_ff.cir,results/sky130_cross_pdk_replication/online/runs/seed_1/corner_ff/logs/15110005_mux2_1_ff.log,0,73,1,ff,5,1
15110006,SKY130,130,MUX2,MUX2_4,MUX2_4,4,"A0_to_X__A1=0,S=0",0,3,18,5.8500000000000005,9.0,1.8800075059759762,-26.059130392108273,9.89858055209732,0.19279362304152523,ff,ff,1.6682700000000001,-0.140674,0.7637980000000001,5.05274,4.4822658750345,ok,SPICE_SKY130_RELEASED_SPICE,off,0,0,sky130-pdk/libraries/sky130_fd_sc_hd/latest/cells/mux2/sky130_fd_sc_hd__mux2_4.spice,results/sky130_cross_pdk_replication/online/runs/seed_1/corner_ff/netlists/15110006_mux2_4_ff.cir,results/sky130_cross_pdk_replication/online/runs/seed_1/corner_ff/logs/15110006_mux2_4_ff.log,0,80,1,ff,6,1
15110007,SKY130,130,NAND2,NAND2_1,NAND2_1,1,A_to_Y__B=1,1,2,4,1.3,2.0,1.9689645011675605,16.25037269962401,10.689296006295967,0.17245451631374303,ff,ff,1.01016,2.98677,1.9984650000000002,4.88549,1.3402512500179,ok,SPICE_SKY130_RELEASED_SPICE,off,0,0,sky130-pdk/libraries/sky130_fd_sc_hd/latest/cells/nand2/sky130_fd_sc_hd__nand2_1.spice,results/sky130_cross_pdk_replication/online/runs/seed_1/corner_ff/netlists/15110007_nand2_1_ff.cir,results/sky130_cross_pdk_replication/online/runs/seed_1/corner_ff/logs/15110007_nand2_1_ff.log,0,17,1,ff,7,1
15110008,SKY130,130,NAND2,NAND2_4,NAND2_4,4,A_to_Y__B=1,1,2,16,5.2,8.0,1.92731059159323,20.231482005343395,0.610367414738943,0.1940010402827554,ff,ff,0.248322,0.38374199999999997,0.31603200000000004,4.66955,3.946210958005395,ok,SPICE_SKY130_RELEASED_SPICE,off,0,0,sky130-pdk/libraries/sky130_fd_sc_hd/latest/cells/nand2/sky130_fd_sc_hd__nand2_4.spice,results/sky130_cross_pdk_replication/online/runs/seed_1/corner_ff/netlists/15110008_nand2_4_ff.cir,results/sky130_cross_pdk_replication/online/runs/seed_1/corner_ff/logs/15110008_nand2_4_ff.log,0,22,1,ff,8,1
15110009,SKY130,130,NAND3,NAND3_1,NAND3_1,1,"A_to_Y__B=1,C=1",1,3,6,1.9500000000000002,3.0,1.9533370749157775,72.72617576898114,0.033456420968228734,0.015420301963643315,ff,ff,0.0832513,0.083093,0.08317215,0.41305,1.9319574169931002,ok,SPICE_SKY130_RELEASED_SPICE,off,0,0,sky130-pdk/libraries/sky130_fd_sc_hd/latest/cells/nand3/sky130_fd_sc_hd__nand3_1.spice,results/sky130_cross_pdk_replication/online/runs/seed_1/corner_ff/netlists/15110009_nand3_1_ff.cir,results/sky130_cross_pdk_replication/online/runs/seed_1/corner_ff/logs/15110009_nand3_1_ff.log,0,84,1,ff,9,1
15110010,SKY130,130,NAND3,NAND3_4,NAND3_4,4,"A_to_Y__B=1,C=1",1,3,24,7.800000000000002,12.0,1.9424923777806087,107.23252304078744,11.090616913607278,0.1967624111882562,ff,ff,0.47238800000000003,1.4502599999999999,0.961324,11.9279,5.735301916953176,ok,SPICE_SKY130_RELEASED_SPICE,off,0,0,sky130-pdk/libraries/sky130_fd_sc_hd/latest/cells/nand3/sky130_fd_sc_hd__nand3_4.spice,results/sky130_cross_pdk_replication/online/runs/seed_1/corner_ff/netlists/15110010_nand3_4_ff.cir,results/sky130_cross_pdk_replication/online/runs/seed_1/corner_ff/logs/15110010_nand3_4_ff.log,0,90,1,ff,10,1
15110011,SKY130,130,NOR2,NOR2_1,NOR2_1,1,A_to_Y__B=0,1,2,4,1.3,2.0,1.7533482796031348,-29.467082811545144,1.9624329304758,0.15685816609275463,ff,ff,0.699455,2.36651,1.5329825,3.05887,1.4455224169651046,ok,SPICE_SKY130_RELEASED_SPICE,off,0,0,sky130-pdk/libraries/sky130_fd_sc_hd/latest/cells/nor2/sky130_fd_sc_hd__nor2_1.spice,results/sky130_cross_pdk_replication/online/runs/seed_1/corner_ff/netlists/15110011_nor2_1_ff.cir,results/sky130_cross_pdk_replication/online/runs/seed_1/corner_ff/logs/15110011_nor2_1_ff.log,0,27,1,ff,11,1
15110012,SKY130,130,NOR2,NOR2_4,NOR2_4,4,A_to_Y__B=0,1,2,16,5.2,8.0,1.6284742155665264,-22.90810311817488,2.808472604339384,0.18127407807117144,ff,ff,0.394448,1.42378,0.909114,3.15132,3.9355187920155004,ok,SPICE_SKY130_RELEASED_SPICE,off,0,0,sky130-pdk/libraries/sky130_fd_sc_hd/latest/cells/nor2/sky130_fd_sc_hd__nor2_4.spice,results/sky130_cross_pdk_replication/online/runs/seed_1/corner_ff/netlists/15110012_nor2_4_ff.cir,results/sky130_cross_pdk_replication/online/runs/seed_1/corner_ff/logs/15110012_nor2_4_ff.log,0,35,1,ff,12,1
15110013,SKY130,130,OAI21,OAI21_1,O21AI_1,1,"A1_to_Y__A2=0,B1=1",1,3,6,1.9500000000000002,2.7,1.9798461444528666,-22.561264741805825,10.359395586399703,0.1844746580388816,ff,ff,0.996941,3.8613000000000004,2.4291205000000002,4.88028,1.8091804590076208,ok,SPICE_SKY130_RELEASED_SPICE,off,0,0,sky130-pdk/libraries/sky130_fd_sc_hd/latest/cells/o21ai/sky130_fd_sc_hd__o21ai_1.spice,results/sky130_cross_pdk_replication/online/runs/seed_1/corner_ff/netlists/15110013_oai21_1_ff.cir,results/sky130_cross_pdk_replication/online/runs/seed_1/corner_ff/logs/15110013_oai21_1_ff.log,0,62,1,ff,13,1
15110014,SKY130,130,OAI21,OAI21_4,O21AI_4,4,"A1_to_Y__A2=0,B1=1",1,3,24,7.800000000000002,12.0,1.6576209119578724,-12.808706143577961,11.257612273995353,0.08253984784843038,ff,ff,0.00651104,2.3497500000000002,1.17813052,1.84643,5.623817499959841,ok,SPICE_SKY130_RELEASED_SPICE,off,0,0,sky130-pdk/libraries/sky130_fd_sc_hd/latest/cells/o21ai/sky130_fd_sc_hd__o21ai_4.spice,results/sky130_cross_pdk_replication/online/runs/seed_1/corner_ff/netlists/15110014_oai21_4_ff.cir,results/sky130_cross_pdk_replication/online/runs/seed_1/corner_ff/logs/15110014_oai21_4_ff.log,0,69,1,ff,14,1
15110015,SKY130,130,XOR2,XOR2_1,XOR2_1,1,A_to_X__B=0,0,2,10,3.25,5.0,1.7700653322954305,-28.611111225551618,2.6551638915631095,0.20482243017146082,ff,ff,0.9433370000000001,2.2945699999999998,1.6189535,4.15265,2.677413291996345,ok,SPICE_SKY130_RELEASED_SPICE,off,0,0,sky130-pdk/libraries/sky130_fd_sc_hd/latest/cells/xor2/sky130_fd_sc_hd__xor2_1.spice,results/sky130_cross_pdk_replication/online/runs/seed_1/corner_ff/netlists/15110015_xor2_1_ff.cir,results/sky130_cross_pdk_replication/online/runs/seed_1/corner_ff/logs/15110015_xor2_1_ff.log,0,41,1,ff,15,1
15110016,SKY130,130,XOR2,XOR2_4,XOR2_4,4,A_to_X__B=0,0,2,40,13.000000000000004,20.0,1.901696340683485,-14.206434667425231,10.838776160297744,0.10535345161193697,ff,ff,1.38464,-0.53378,0.42543000000000003,5.45248,9.126358750043437,ok,SPICE_SKY130_RELEASED_SPICE,off,0,0,sky130-pdk/libraries/sky130_fd_sc_hd/latest/cells/xor2/sky130_fd_sc_hd__xor2_4.spice,results/sky130_cross_pdk_replication/online/runs/seed_1/corner_ff/netlists/15110016_xor2_4_ff.cir,results/sky130_cross_pdk_replication/online/runs/seed_1/corner_ff/logs/15110016_xor2_4_ff.log,0,47,1,ff,16,1
15110017,SKY130,130,AOI21,AOI21_1,A21OI_1,1,"A1_to_Y__A2=1,B1=0",1,3,6,1.9500000000000002,3.0,1.8687550324682531,-26.95172402635972,5.739085957766089,0.14434627126260227,ff,ff,0.939856,2.82127,1.880563,3.25357,1.8347679169964977,ok,SPICE_SKY130_RELEASED_SPICE,off,0,0,sky130-pdk/libraries/sky130_fd_sc_hd/latest/cells/a21oi/sky130_fd_sc_hd__a21oi_1.spice,results/sky130_cross_pdk_replication/online/runs/seed_1/corner_ff/netlists/15110017_aoi21_1_ff.cir,results/sky130_cross_pdk_replication/online/runs/seed_1/corner_ff/logs/15110017_aoi21_1_ff.log,0,51,1,ff,17,2
15110018,SKY130,130,AOI21,AOI21_4,A21OI_4,4,"A1_to_Y__A2=1,B1=0",1,3,24,7.800000000000002,12.0,1.6788209478781202,32.38870659249342,0.2704358444347388,0.1678306617445212,ff,ff,0.216451,0.584072,0.40026150000000005,3.14761,5.727667249972001,ok,SPICE_SKY130_RELEASED_SPICE,off,0,0,sky130-pdk/libraries/sky130_fd_sc_hd/latest/cells/a21oi/sky130_fd_sc_hd__a21oi_4.spice,results/sky130_cross_pdk_replication/online/runs/seed_1/corner_ff/netlists/15110018_aoi21_4_ff.cir,results/sky130_cross_pdk_replication/online/runs/seed_1/corner_ff/logs/15110018_aoi21_4_ff.log,0,57,1,ff,18,2
15110019,SKY130,130,INV,INV_1,INV_1,1,A_to_Y,1,1,2,0.65,1.0,1.8267018686876297,121.32808842007967,8.775946544503647,0.04388022304702594,ff,ff,0.115167,1.3335899999999998,0.7243784999999999,2.12453,0.926260500040371,ok,SPICE_SKY130_RELEASED_SPICE,off,0,0,sky130-pdk/libraries/sky130_fd_sc_hd/latest/cells/inv/sky130_fd_sc_hd__inv_1.spice,results/sky130_cross_pdk_replication/online/runs/seed_1/corner_ff/netlists/15110019_inv_1_ff.cir,results/sky130_cross_pdk_replication/online/runs/seed_1/corner_ff/logs/15110019_inv_1_ff.log,0,2,1,ff,19,2
15110020,SKY130,130,INV,INV_4,INV_4,4,A_to_Y,1,1,8,2.6,4.0,1.7876665574419566,-1.9340260603632302,6.3836572661052,0.0034037722179160817,ff,ff,-0.513876,0.635544,0.06083400000000002,1.4252,2.1727752499864437,ok,SPICE_SKY130_RELEASED_SPICE,off,0,0,sky130-pdk/libraries/sky130_fd_sc_hd/latest/cells/inv/sky130_fd_sc_hd__inv_4.spice,results/sky130_cross_pdk_replication/online/runs/seed_1/corner_ff/netlists/15110020_inv_4_ff.cir,results/sky130_cross_pdk_replication/online/runs/seed_1/corner_ff/logs/15110020_inv_4_ff.log,0,8,1,ff,20,2
15110021,SKY130,130,MUX2,MUX2_1,MUX2_1,1,"A0_to_X__A1=0,S=0",0,3,12,2.75,3.1,1.7242816943219617,24.66815185342989,10.679781810309754,0.05204876732996261,ff,ff,1.52103,-0.005133980000000001,0.7579480100000001,1.23672,3.134236084006261,ok,SPICE_SKY130_RELEASED_SPICE,off,0,0,sky130-pdk/libraries/sky130_fd_sc_hd/latest/cells/mux2/sky130_fd_sc_hd__mux2_1.spice,results/sky130_cross_pdk_replication/online/runs/seed_1/corner_ff/netlists/15110021_mux2_1_ff.cir,results/sky130_cross_pdk_replication/online/runs/seed_1/corner_ff/logs/15110021_mux2_1_ff.log,0,76,1,ff,21,2
15110022,SKY130,130,MUX2,MUX2_4,MUX2_4,4,"A0_to_X__A1=0,S=0",0,3,18,5.8500000000000005,9.0,1.8453266247346194,113.58425469715289,0.1849489437235444,0.14006957456655159,ff,ff,0.274131,0.260888,0.2675095,3.35929,4.427552459004801,ok,SPICE_SKY130_RELEASED_SPICE,off,0,0,sky130-pdk/libraries/sky130_fd_sc_hd/latest/cells/mux2/sky130_fd_sc_hd__mux2_4.spice,results/sky130_cross_pdk_replication/online/runs/seed_1/corner_ff/netlists/15110022_mux2_4_ff.cir,results/sky130_cross_pdk_replication/online/runs/seed_1/corner_ff/logs/15110022_mux2_4_ff.log,0,82,1,ff,22,2
15110023,SKY130,130,NAND2,NAND2_1,NAND2_1,1,A_to_Y__B=1,1,2,4,1.3,2.0,1.769781270804151,104.38000206280046,3.7311272650220277,0.056198369836470315,ff,ff,0.5224690000000001,0.981452,0.7519605,1.33525,1.3698484999476932,ok,SPICE_SKY130_RELEASED_SPICE,off,0,0,sky130-pdk/libraries/sky130_fd_sc_hd/latest/cells/nand2/sky130_fd_sc_hd__nand2_1.spice,results/sky130_cross_pdk_replication/online/runs/seed_1/corner_ff/netlists/15110023_nand2_1_ff.cir,results/sky130_cross_pdk_replication/online/runs/seed_1/corner_ff/logs/15110023_nand2_1_ff.log,0,13,1,ff,23,2
15110024,SKY130,130,NAND2,NAND2_4,NAND2_4,4,A_to_Y__B=1,1,2,16,5.2,8.0,1.8328136934219388,114.32590995156735,7.716614305314581,0.06313444662848013,ff,ff,-0.020131100000000002,0.817529,0.39869894999999994,5.75264,3.846602540987078,ok,SPICE_SKY130_RELEASED_SPICE,off,0,0,sky130-pdk/libraries/sky130_fd_sc_hd/latest/cells/nand2/sky130_fd_sc_hd__nand2_4.spice,results/sky130_cross_pdk_replication/online/runs/seed_1/corner_ff/netlists/15110024_nand2_4_ff.cir,results/sky130_cross_pdk_replication/online/runs/seed_1/corner_ff/logs/15110024_nand2_4_ff.log,0,19,1,ff,24,2
15110025,SKY130,130,NAND3,NAND3_1,NAND3_1,1,"A_to_Y__B=1,C=1",1,3,6,1.9500000000000002,3.0,1.8210496253947728,-15.19593946787765,10.21598357008978,0.17665863627419282,ff,ff,1.545,3.48225,2.5136249999999998,3.83095,1.8142779170302674,ok,SPICE_SKY130_RELEASED_SPICE,off,0,0,sky130-pdk/libraries/sky130_fd_sc_hd/latest/cells/nand3/sky130_fd_sc_hd__nand3_1.spice,results/sky130_cross_pdk_replication/online/runs/seed_1/corner_ff/netlists/15110025_nand3_1_ff.cir,results/sky130_cross_pdk_replication/online/runs/seed_1/corner_ff/logs/15110025_nand3_1_ff.log,0,85,1,ff,25,2
15110026,SKY130,130,NAND3,NAND3_4,NAND3_4,4,"A_to_Y__B=1,C=1",1,3,24,7.800000000000002,12.0,1.645791633810441,-22.74135217975735,3.650107594876957,0.11922691669074499,ff,ff,0.403857,1.1345,0.7691785,2.1471,5.560898374998942,ok,SPICE_SKY130_RELEASED_SPICE,off,0,0,sky130-pdk/libraries/sky130_fd_sc_hd/latest/cells/nand3/sky130_fd_sc_hd__nand3_4.spice,results/sky130_cross_pdk_replication/online/runs/seed_1/corner_ff/netlists/15110026_nand3_4_ff.cir,results/sky130_cross_pdk_replication/online/runs/seed_1/corner_ff/logs/15110026_nand3_4_ff.log,0,91,1,ff,26,2
15110027,SKY130,130,NOR2,NOR2_1,NOR2_1,1,A_to_Y__B=0,1,2,4,1.3,2.0,1.9689818367477878,107.85695399902119,6.6616449887905995,0.08591171446002,ff,ff,0.377532,1.73713,1.057331,3.01528,1.3670399580150843,ok,SPICE_SKY130_RELEASED_SPICE,off,0,0,sky130-pdk/libraries/sky130_fd_sc_hd/latest/cells/nor2/sky130_fd_sc_hd__nor2_1.spice,results/sky130_cross_pdk_replication/online/runs/seed_1/corner_ff/netlists/15110027_nor2_1_ff.cir,results/sky130_cross_pdk_replication/online/runs/seed_1/corner_ff/logs/15110027_nor2_1_ff.log,0,24,1,ff,27,2
15110028,SKY130,130,NOR2,NOR2_4,NOR2_4,4,A_to_Y__B=0,1,2,16,5.2,8.0,1.9742233837661447,38.824093512578216,4.9055967179914735,0.04975651193184288,ff,ff,-0.19989200000000001,0.7897959999999999,0.294952,3.59109,3.925062084046658,ok,SPICE_SKY130_RELEASED_SPICE,off,0,0,sky130-pdk/libraries/sky130_fd_sc_hd/latest/cells/nor2/sky130_fd_sc_hd__nor2_4.spice,results/sky130_cross_pdk_replication/online/runs/seed_1/corner_ff/netlists/15110028_nor2_4_ff.cir,results/sky130_cross_pdk_replication/online/runs/seed_1/corner_ff/logs/15110028_nor2_4_ff.log,0,31,1,ff,28,2
15110029,SKY130,130,OAI21,OAI21_1,O21AI_1,1,"A1_to_Y__A2=0,B1=1",1,3,6,1.9500000000000002,2.7,1.63628473808066,58.26605285450188,0.09408009015562772,0.04123577141394098,ff,ff,0.19860899999999998,0.551604,0.37510649999999995,0.748626,1.8016347080119886,ok,SPICE_SKY130_RELEASED_SPICE,off,0,0,sky130-pdk/libraries/sky130_fd_sc_hd/latest/cells/o21ai/sky130_fd_sc_hd__o21ai_1.spice,results/sky130_cross_pdk_replication/online/runs/seed_1/corner_ff/netlists/15110029_oai21_1_ff.cir,results/sky130_cross_pdk_replication/online/runs/seed_1/corner_ff/logs/15110029_oai21_1_ff.log,0,63,1,ff,29,2
15110030,SKY130,130,OAI21,OAI21_4,O21AI_4,4,"A1_to_Y__A2=0,B1=1",1,3,24,7.800000000000002,12.0,1.8083911852195658,102.17339511433235,0.37249739186051484,0.06285183526069574,ff,ff,0.124168,0.24562599999999998,0.18489699999999998,1.59923,5.687865582993254,ok,SPICE_SKY130_RELEASED_SPICE,off,0,0,sky130-pdk/libraries/sky130_fd_sc_hd/latest/cells/o21ai/sky130_fd_sc_hd__o21ai_4.spice,results/sky130_cross_pdk_replication/online/runs/seed_1/corner_ff/netlists/15110030_oai21_4_ff.cir,results/sky130_cross_pdk_replication/online/runs/seed_1/corner_ff/logs/15110030_oai21_4_ff.log,0,67,1,ff,30,2
15110031,SKY130,130,XOR2,XOR2_1,XOR2_1,1,A_to_X__B=0,0,2,10,3.25,5.0,1.9307796006573925,104.35350645834762,11.495458291828852,0.11002394337696386,ff,ff,1.5092400000000001,0.225963,0.8676015,4.906,2.6943929999833927,ok,SPICE_SKY130_RELEASED_SPICE,off,0,0,sky130-pdk/libraries/sky130_fd_sc_hd/latest/cells/xor2/sky130_fd_sc_hd__xor2_1.spice,results/sky130_cross_pdk_replication/online/runs/seed_1/corner_ff/netlists/15110031_xor2_1_ff.cir,results/sky130_cross_pdk_replication/online/runs/seed_1/corner_ff/logs/15110031_xor2_1_ff.log,0,38,1,ff,31,2
15110032,SKY130,130,XOR2,XOR2_4,XOR2_4,4,A_to_X__B=0,0,2,40,13.000000000000004,20.0,1.7706772066276915,101.68084828859193,2.160644343934744,0.05410297883253468,ff,ff,0.348037,0.114821,0.231429,2.25043,9.274058917013463,ok,SPICE_SKY130_RELEASED_SPICE,off,0,0,sky130-pdk/libraries/sky130_fd_sc_hd/latest/cells/xor2/sky130_fd_sc_hd__xor2_4.spice,results/sky130_cross_pdk_replication/online/runs/seed_1/corner_ff/netlists/15110032_xor2_4_ff.cir,results/sky130_cross_pdk_replication/online/runs/seed_1/corner_ff/logs/15110032_xor2_4_ff.log,0,46,1,ff,32,2
15110033,SKY130,130,AOI21,AOI21_1,A21OI_1,1,"A1_to_Y__A2=1,B1=0",1,3,6,1.9500000000000002,3.0,1.6809818934333558,52.942396135020175,0.0637380725814002,0.13498822309535172,ff,ff,0.540646,1.55613,1.048388,2.43593,1.817232875037007,ok,SPICE_SKY130_RELEASED_SPICE,off,0,0,sky130-pdk/libraries/sky130_fd_sc_hd/latest/cells/a21oi/sky130_fd_sc_hd__a21oi_1.spice,results/sky130_cross_pdk_replication/online/runs/seed_1/corner_ff/netlists/15110033_aoi21_1_ff.cir,results/sky130_cross_pdk_replication/online/runs/seed_1/corner_ff/logs/15110033_aoi21_1_ff.log,0,50,1,ff,33,3
15110034,SKY130,130,AOI21,AOI21_4,A21OI_4,4,"A1_to_Y__A2=1,B1=0",1,3,24,7.800000000000002,12.0,1.841783614312437,115.51660488262337,4.993230808100374,0.11163639533706626,ff,ff,0.22575199999999998,0.9191849999999999,0.5724684999999999,4.46799,5.719822666957043,ok,SPICE_SKY130_RELEASED_SPICE,off,0,0,sky130-pdk/libraries/sky130_fd_sc_hd/latest/cells/a21oi/sky130_fd_sc_hd__a21oi_4.spice,results/sky130_cross_pdk_replication/online/runs/seed_1/corner_ff/netlists/15110034_aoi21_4_ff.cir,results/sky130_cross_pdk_replication/online/runs/seed_1/corner_ff/logs/15110034_aoi21_4_ff.log,0,59,1,ff,34,3
15110035,SKY130,130,INV,INV_1,INV_1,1,A_to_Y,1,1,2,0.65,1.0,1.689390885576489,24.449268615238992,2.614392923671987,0.11924969125425153,ff,ff,0.6904899999999999,1.41438,1.052435,2.16025,0.9434181249816902,ok,SPICE_SKY130_RELEASED_SPICE,off,0,0,sky130-pdk/libraries/sky130_fd_sc_hd/latest/cells/inv/sky130_fd_sc_hd__inv_1.spice,results/sky130_cross_pdk_replication/online/runs/seed_1/corner_ff/netlists/15110035_inv_1_ff.cir,results/sky130_cross_pdk_replication/online/runs/seed_1/corner_ff/logs/15110035_inv_1_ff.log,0,3,1,ff,35,3
15110036,SKY130,130,INV,INV_4,INV_4,4,A_to_Y,1,1,8,2.6,4.0,1.880910229986218,-35.86264106900806,10.912860427691323,0.1674610740800509,ff,ff,-0.25790199999999996,2.05813,0.900114,5.24097,2.157436624984257,ok,SPICE_SKY130_RELEASED_SPICE,off,0,0,sky130-pdk/libraries/sky130_fd_sc_hd/latest/cells/inv/sky130_fd_sc_hd__inv_4.spice,results/sky130_cross_pdk_replication/online/runs/seed_1/corner_ff/netlists/15110036_inv_4_ff.cir,results/sky130_cross_pdk_replication/online/runs/seed_1/corner_ff/logs/15110036_inv_4_ff.log,0,10,1,ff,36,3
15110037,SKY130,130,MUX2,MUX2_1,MUX2_1,1,"A0_to_X__A1=0,S=0",0,3,12,2.75,3.1,1.8742597888386265,-27.42833455027992,6.133323183183632,0.15607450486714336,ff,ff,1.30002,0.607319,0.9536695,3.64554,3.162336040986702,ok,SPICE_SKY130_RELEASED_SPICE,off,0,0,sky130-pdk/libraries/sky130_fd_sc_hd/latest/cells/mux2/sky130_fd_sc_hd__mux2_1.spice,results/sky130_cross_pdk_replication/online/runs/seed_1/corner_ff/netlists/15110037_mux2_1_ff.cir,results/sky130_cross_pdk_replication/online/runs/seed_1/corner_ff/logs/15110037_mux2_1_ff.log,0,75,1,ff,37,3
15110038,SKY130,130,MUX2,MUX2_4,MUX2_4,4,"A0_to_X__A1=0,S=0",0,3,18,5.8500000000000005,9.0,1.6715534268747791,89.19525110627086,8.00283686411214,0.04179136839723987,ff,ff,1.12876,0.0704559,0.5996079499999999,1.56154,4.384307499974966,ok,SPICE_SKY130_RELEASED_SPICE,off,0,0,sky130-pdk/libraries/sky130_fd_sc_hd/latest/cells/mux2/sky130_fd_sc_hd__mux2_4.spice,results/sky130_cross_pdk_replication/online/runs/seed_1/corner_ff/netlists/15110038_mux2_4_ff.cir,results/sky130_cross_pdk_replication/online/runs/seed_1/corner_ff/logs/15110038_mux2_4_ff.log,0,78,1,ff,38,3
15110039,SKY130,130,NAND2,NAND2_1,NAND2_1,1,A_to_Y__B=1,1,2,4,1.3,2.0,1.640267291876787,88.29670509157356,9.611116230290456,0.1599381487909195,ff,ff,1.6787800000000002,3.0272900000000003,2.353035,2.92044,1.3864230419858359,ok,SPICE_SKY130_RELEASED_SPICE,off,0,0,sky130-pdk/libraries/sky130_fd_sc_hd/latest/cells/nand2/sky130_fd_sc_hd__nand2_1.spice,results/sky130_cross_pdk_replication/online/runs/seed_1/corner_ff/netlists/15110039_nand2_1_ff.cir,results/sky130_cross_pdk_replication/online/runs/seed_1/corner_ff/logs/15110039_nand2_1_ff.log,0,12,1,ff,39,3
15110040,SKY130,130,NAND2,NAND2_4,NAND2_4,4,A_to_Y__B=1,1,2,16,5.2,8.0,1.9075393644442364,-17.22059457273454,2.250060560147217,0.014881309803814156,ff,ff,-0.0880171,0.325126,0.11855444999999999,0.958208,3.8918656669557095,ok,SPICE_SKY130_RELEASED_SPICE,off,0,0,sky130-pdk/libraries/sky130_fd_sc_hd/latest/cells/nand2/sky130_fd_sc_hd__nand2_4.spice,results/sky130_cross_pdk_replication/online/runs/seed_1/corner_ff/netlists/15110040_nand2_4_ff.cir,results/sky130_cross_pdk_replication/online/runs/seed_1/corner_ff/logs/15110040_nand2_4_ff.log,0,18,1,ff,40,3
15110041,SKY130,130,NAND3,NAND3_1,NAND3_1,1,"A_to_Y__B=1,C=1",1,3,6,1.9500000000000002,3.0,1.692965991971056,109.58886786658655,6.52878566108106,0.1421799572195433,ff,ff,1.62927,2.14422,1.886745,2.77752,1.8108990420005284,ok,SPICE_SKY130_RELEASED_SPICE,off,0,0,sky130-pdk/libraries/sky130_fd_sc_hd/latest/cells/nand3/sky130_fd_sc_hd__nand3_1.spice,results/sky130_cross_pdk_replication/online/runs/seed_1/corner_ff/netlists/15110041_nand3_1_ff.cir,results/sky130_cross_pdk_replication/online/runs/seed_1/corner_ff/logs/15110041_nand3_1_ff.log,0,87,1,ff,41,3
15110042,SKY130,130,NAND3,NAND3_4,NAND3_4,4,"A_to_Y__B=1,C=1",1,3,24,7.800000000000002,12.0,1.8595501293433867,74.4012831112478,5.988019335353856,0.04410831375389388,ff,ff,-0.013796099999999999,0.666233,0.32621845,3.67166,5.637554250017274,ok,SPICE_SKY130_RELEASED_SPICE,off,0,0,sky130-pdk/libraries/sky130_fd_sc_hd/latest/cells/nand3/sky130_fd_sc_hd__nand3_4.spice,results/sky130_cross_pdk_replication/online/runs/seed_1/corner_ff/netlists/15110042_nand3_4_ff.cir,results/sky130_cross_pdk_replication/online/runs/seed_1/corner_ff/logs/15110042_nand3_4_ff.log,0,93,1,ff,42,3
15110043,SKY130,130,NOR2,NOR2_1,NOR2_1,1,A_to_Y__B=0,1,2,4,1.3,2.0,1.6891729931661394,60.44454340571646,2.9323984534518184,0.030757772166018826,ff,ff,0.240391,0.930064,0.5852275,0.641726,1.381781250005588,ok,SPICE_SKY130_RELEASED_SPICE,off,0,0,sky130-pdk/libraries/sky130_fd_sc_hd/latest/cells/nor2/sky130_fd_sc_hd__nor2_1.spice,results/sky130_cross_pdk_replication/online/runs/seed_1/corner_ff/netlists/15110043_nor2_1_ff.cir,results/sky130_cross_pdk_replication/online/runs/seed_1/corner_ff/logs/15110043_nor2_1_ff.log,0,28,1,ff,43,3
15110044,SKY130,130,NOR2,NOR2_4,NOR2_4,4,A_to_Y__B=0,1,2,16,5.2,8.0,1.7685664076131054,120.48095543694137,9.55952556126758,0.08232665274259145,ff,ff,-0.16755799999999998,1.28472,0.5585810000000001,5.46403,3.9227202920010313,ok,SPICE_SKY130_RELEASED_SPICE,off,0,0,sky130-pdk/libraries/sky130_fd_sc_hd/latest/cells/nor2/sky130_fd_sc_hd__nor2_4.spice,results/sky130_cross_pdk_replication/online/runs/seed_1/corner_ff/netlists/15110044_nor2_4_ff.cir,results/sky130_cross_pdk_replication/online/runs/seed_1/corner_ff/logs/15110044_nor2_4_ff.log,0,34,1,ff,44,3
15110045,SKY130,130,OAI21,OAI21_1,O21AI_1,1,"A1_to_Y__A2=0,B1=1",1,3,6,1.9500000000000002,2.7,1.895290054941733,97.99881370429637,6.974982637957602,0.10575560329961736,ff,ff,0.747434,2.07724,1.412337,2.97051,1.8074835000443272,ok,SPICE_SKY130_RELEASED_SPICE,off,0,0,sky130-pdk/libraries/sky130_fd_sc_hd/latest/cells/o21ai/sky130_fd_sc_hd__o21ai_1.spice,results/sky130_cross_pdk_replication/online/runs/seed_1/corner_ff/netlists/15110045_oai21_1_ff.cir,results/sky130_cross_pdk_replication/online/runs/seed_1/corner_ff/logs/15110045_oai21_1_ff.log,0,61,1,ff,45,3
15110046,SKY130,130,OAI21,OAI21_4,O21AI_4,4,"A1_to_Y__A2=0,B1=1",1,3,24,7.800000000000002,12.0,1.6889616991046863,93.34085624521089,7.716823040282224,0.15644770053880272,ff,ff,0.379139,1.6034000000000002,0.9912695,4.13152,5.624161207990255,ok,SPICE_SKY130_RELEASED_SPICE,off,0,0,sky130-pdk/libraries/sky130_fd_sc_hd/latest/cells/o21ai/sky130_fd_sc_hd__o21ai_4.spice,results/sky130_cross_pdk_replication/online/runs/seed_1/corner_ff/netlists/15110046_oai21_4_ff.cir,results/sky130_cross_pdk_replication/online/runs/seed_1/corner_ff/logs/15110046_oai21_4_ff.log,0,68,1,ff,46,3
15110047,SKY130,130,XOR2,XOR2_1,XOR2_1,1,A_to_X__B=0,0,2,10,3.25,5.0,1.6743352162328402,67.01797641045273,8.073888201041678,0.01419723868024875,ff,ff,0.924755,-0.163191,0.380782,0.697531,2.6446195000316948,ok,SPICE_SKY130_RELEASED_SPICE,off,0,0,sky130-pdk/libraries/sky130_fd_sc_hd/latest/cells/xor2/sky130_fd_sc_hd__xor2_1.spice,results/sky130_cross_pdk_replication/online/runs/seed_1/corner_ff/netlists/15110047_xor2_1_ff.cir,results/sky130_cross_pdk_replication/online/runs/seed_1/corner_ff/logs/15110047_xor2_1_ff.log,0,37,1,ff,47,3
15110048,SKY130,130,XOR2,XOR2_4,XOR2_4,4,A_to_X__B=0,0,2,40,13.000000000000004,20.0,1.935972729503236,77.13385811657878,4.321037979289923,0.17618936460151916,ff,ff,0.66112,0.159918,0.41051899999999997,7.31402,9.060577582975384,ok,SPICE_SKY130_RELEASED_SPICE,off,0,0,sky130-pdk/libraries/sky130_fd_sc_hd/latest/cells/xor2/sky130_fd_sc_hd__xor2_4.spice,results/sky130_cross_pdk_replication/online/runs/seed_1/corner_ff/netlists/15110048_xor2_4_ff.cir,results/sky130_cross_pdk_replication/online/runs/seed_1/corner_ff/logs/15110048_xor2_4_ff.log,0,42,1,ff,48,3
15110049,SKY130,130,AOI21,AOI21_1,A21OI_1,1,"A1_to_Y__A2=1,B1=0",1,3,6,1.9500000000000002,3.0,1.8339166984711923,0.3542637690594219,8.447689648479138,0.027836141245258635,ff,ff,-0.0568627,1.66931,0.8062236500000001,0.878641,1.8112144579645246,ok,SPICE_SKY130_RELEASED_SPICE,off,0,0,sky130-pdk/libraries/sky130_fd_sc_hd/latest/cells/a21oi/sky130_fd_sc_hd__a21oi_1.spice,results/sky130_cross_pdk_replication/online/runs/seed_1/corner_ff/netlists/15110049_aoi21_1_ff.cir,results/sky130_cross_pdk_replication/online/runs/seed_1/corner_ff/logs/15110049_aoi21_1_ff.log,0,52,1,ff,49,4
15110050,SKY130,130,AOI21,AOI21_4,A21OI_4,4,"A1_to_Y__A2=1,B1=0",1,3,24,7.800000000000002,12.0,1.728114771672251,-15.791307736567358,9.869715480574362,0.09204720303736447,ff,ff,-0.0843837,2.0193,0.9674581499999999,2.27951,5.634974334039725,ok,SPICE_SKY130_RELEASED_SPICE,off,0,0,sky130-pdk/libraries/sky130_fd_sc_hd/latest/cells/a21oi/sky130_fd_sc_hd__a21oi_4.spice,results/sky130_cross_pdk_replication/online/runs/seed_1/corner_ff/netlists/15110050_aoi21_4_ff.cir,results/sky130_cross_pdk_replication/online/runs/seed_1/corner_ff/logs/15110050_aoi21_4_ff.log,0,54,1,ff,50,4
15110051,SKY130,130,INV,INV_1,INV_1,1,A_to_Y,1,1,2,0.65,1.0,1.6641692413184033,86.36782434528875,10.31380067011481,0.13986897199591675,ff,ff,1.09483,2.90975,2.00229,2.74929,0.9211526250001043,ok,SPICE_SKY130_RELEASED_SPICE,off,0,0,sky130-pdk/libraries/sky130_fd_sc_hd/latest/cells/inv/sky130_fd_sc_hd__inv_1.spice,results/sky130_cross_pdk_replication/online/runs/seed_1/corner_ff/netlists/15110051_inv_1_ff.cir,results/sky130_cross_pdk_replication/online/runs/seed_1/corner_ff/logs/15110051_inv_1_ff.log,0,1,1,ff,51,4
15110052,SKY130,130,INV,INV_4,INV_4,4,A_to_Y,1,1,8,2.6,4.0,1.8021388903601492,51.194897649182124,0.33150974263122557,0.12356250734958805,ff,ff,0.135074,0.242248,0.188661,2.6067,2.1731943750055507,ok,SPICE_SKY130_RELEASED_SPICE,off,0,0,sky130-pdk/libraries/sky130_fd_sc_hd/latest/cells/inv/sky130_fd_sc_hd__inv_4.spice,results/sky130_cross_pdk_replication/online/runs/seed_1/corner_ff/netlists/15110052_inv_4_ff.cir,results/sky130_cross_pdk_replication/online/runs/seed_1/corner_ff/logs/15110052_inv_4_ff.log,0,11,1,ff,52,4
15110053,SKY130,130,MUX2,MUX2_1,MUX2_1,1,"A0_to_X__A1=0,S=0",0,3,12,2.75,3.1,1.7401842949184463,93.96247434783598,4.676578414314997,0.18364875360160207,ff,ff,1.2169800000000002,0.9273790000000001,1.0721795,3.723,3.1569746249588206,ok,SPICE_SKY130_RELEASED_SPICE,off,0,0,sky130-pdk/libraries/sky130_fd_sc_hd/latest/cells/mux2/sky130_fd_sc_hd__mux2_1.spice,results/sky130_cross_pdk_replication/online/runs/seed_1/corner_ff/netlists/15110053_mux2_1_ff.cir,results/sky130_cross_pdk_replication/online/runs/seed_1/corner_ff/logs/15110053_mux2_1_ff.log,0,72,1,ff,53,4
15110054,SKY130,130,MUX2,MUX2_4,MUX2_4,4,"A0_to_X__A1=0,S=0",0,3,18,5.8500000000000005,9.0,1.7625128959977143,3.173310616991415,11.39249755447509,0.029825987175077208,ff,ff,1.6102500000000002,-0.34542500000000004,0.6324125,1.33813,4.415124750055838,ok,SPICE_SKY130_RELEASED_SPICE,off,0,0,sky130-pdk/libraries/sky130_fd_sc_hd/latest/cells/mux2/sky130_fd_sc_hd__mux2_4.spice,results/sky130_cross_pdk_replication/online/runs/seed_1/corner_ff/netlists/15110054_mux2_4_ff.cir,results/sky130_cross_pdk_replication/online/runs/seed_1/corner_ff/logs/15110054_mux2_4_ff.log,0,83,1,ff,54,4
15110055,SKY130,130,NAND2,NAND2_1,NAND2_1,1,A_to_Y__B=1,1,2,4,1.3,2.0,1.8064549440734619,12.151184750540601,1.4014517333811454,0.12745317368052195,ff,ff,0.6573420000000001,1.03697,0.8471559999999999,2.63598,1.343988000007812,ok,SPICE_SKY130_RELEASED_SPICE,off,0,0,sky130-pdk/libraries/sky130_fd_sc_hd/latest/cells/nand2/sky130_fd_sc_hd__nand2_1.spice,results/sky130_cross_pdk_replication/online/runs/seed_1/corner_ff/netlists/15110055_nand2_1_ff.cir,results/sky130_cross_pdk_replication/online/runs/seed_1/corner_ff/logs/15110055_nand2_1_ff.log,0,14,1,ff,55,4
15110056,SKY130,130,NAND2,NAND2_4,NAND2_4,4,A_to_Y__B=1,1,2,16,5.2,8.0,1.7653225161582562,-6.988829753736972,10.364140809731772,0.11673935288683153,ff,ff,-0.08116559999999999,1.7998200000000002,0.8593272,3.33326,3.8555883330409415,ok,SPICE_SKY130_RELEASED_SPICE,off,0,0,sky130-pdk/libraries/sky130_fd_sc_hd/latest/cells/nand2/sky130_fd_sc_hd__nand2_4.spice,results/sky130_cross_pdk_replication/online/runs/seed_1/corner_ff/netlists/15110056_nand2_4_ff.cir,results/sky130_cross_pdk_replication/online/runs/seed_1/corner_ff/logs/15110056_nand2_4_ff.log,0,21,1,ff,56,4
15110057,SKY130,130,NAND3,NAND3_1,NAND3_1,1,"A_to_Y__B=1,C=1",1,3,6,1.9500000000000002,3.0,1.645045496184889,-9.753686690271717,8.756250086861916,0.0943859344584346,ff,ff,1.2080199999999999,2.89076,2.0493900000000003,1.65252,1.8096679579466581,ok,SPICE_SKY130_RELEASED_SPICE,off,0,0,sky130-pdk/libraries/sky130_fd_sc_hd/latest/cells/nand3/sky130_fd_sc_hd__nand3_1.spice,results/sky130_cross_pdk_replication/online/runs/seed_1/corner_ff/netlists/15110057_nand3_1_ff.cir,results/sky130_cross_pdk_replication/online/runs/seed_1/corner_ff/logs/15110057_nand3_1_ff.log,0,86,1,ff,57,4
15110058,SKY130,130,NAND3,NAND3_4,NAND3_4,4,"A_to_Y__B=1,C=1",1,3,24,7.800000000000002,12.0,1.7091481870035898,59.018653796593966,6.254401155357738,0.15402966407109386,ff,ff,0.473962,1.26891,0.871436,3.69797,5.5776642090058886,ok,SPICE_SKY130_RELEASED_SPICE,off,0,0,sky130-pdk/libraries/sky130_fd_sc_hd/latest/cells/nand3/sky130_fd_sc_hd__nand3_4.spice,results/sky130_cross_pdk_replication/online/runs/seed_1/corner_ff/netlists/15110058_nand3_4_ff.cir,results/sky130_cross_pdk_replication/online/runs/seed_1/corner_ff/logs/15110058_nand3_4_ff.log,0,95,1,ff,58,4
15110059,SKY130,130,NOR2,NOR2_1,NOR2_1,1,A_to_Y__B=0,1,2,4,1.3,2.0,1.8783274001240013,-1.702914390496744,9.302798517782737,0.1762874198761348,ff,ff,0.869982,3.73549,2.302736,4.13448,1.3558479999774136,ok,SPICE_SKY130_RELEASED_SPICE,off,0,0,sky130-pdk/libraries/sky130_fd_sc_hd/latest/cells/nor2/sky130_fd_sc_hd__nor2_1.spice,results/sky130_cross_pdk_replication/online/runs/seed_1/corner_ff/netlists/15110059_nor2_1_ff.cir,results/sky130_cross_pdk_replication/online/runs/seed_1/corner_ff/logs/15110059_nor2_1_ff.log,0,26,1,ff,59,4
15110060,SKY130,130,NOR2,NOR2_4,NOR2_4,4,A_to_Y__B=0,1,2,16,5.2,8.0,1.903551608911557,-5.036698615537965,0.8448120119407192,0.1389199795333871,ff,ff,0.172843,0.5351480000000001,0.3539955,3.38687,3.916813541960437,ok,SPICE_SKY130_RELEASED_SPICE,off,0,0,sky130-pdk/libraries/sky130_fd_sc_hd/latest/cells/nor2/sky130_fd_sc_hd__nor2_4.spice,results/sky130_cross_pdk_replication/online/runs/seed_1/corner_ff/netlists/15110060_nor2_4_ff.cir,results/sky130_cross_pdk_replication/online/runs/seed_1/corner_ff/logs/15110060_nor2_4_ff.log,0,33,1,ff,60,4
15110061,SKY130,130,OAI21,OAI21_1,O21AI_1,1,"A1_to_Y__A2=0,B1=1",1,3,6,1.9500000000000002,2.7,1.8573008055153168,17.017946389677782,3.1104948990126164,0.005895619476900921,ff,ff,-0.058650100000000004,0.539555,0.24045244999999998,0.320586,1.797112083004322,ok,SPICE_SKY130_RELEASED_SPICE,off,0,0,sky130-pdk/libraries/sky130_fd_sc_hd/latest/cells/o21ai/sky130_fd_sc_hd__o21ai_1.spice,results/sky130_cross_pdk_replication/online/runs/seed_1/corner_ff/netlists/15110061_oai21_1_ff.cir,results/sky130_cross_pdk_replication/online/runs/seed_1/corner_ff/logs/15110061_oai21_1_ff.log,0,64,1,ff,61,4
15110062,SKY130,130,OAI21,OAI21_4,O21AI_4,4,"A1_to_Y__A2=0,B1=1",1,3,24,7.800000000000002,12.0,1.9618716055936862,64.16230076369756,5.472749514700112,0.010945321356596528,ff,ff,-0.30556099999999997,0.647284,0.1708615,3.54466,5.65335837501334,ok,SPICE_SKY130_RELEASED_SPICE,off,0,0,sky130-pdk/libraries/sky130_fd_sc_hd/latest/cells/o21ai/sky130_fd_sc_hd__o21ai_4.spice,results/sky130_cross_pdk_replication/online/runs/seed_1/corner_ff/netlists/15110062_oai21_4_ff.cir,results/sky130_cross_pdk_replication/online/runs/seed_1/corner_ff/logs/15110062_oai21_4_ff.log,0,66,1,ff,62,4
15110063,SKY130,130,XOR2,XOR2_1,XOR2_1,1,A_to_X__B=0,0,2,10,3.25,5.0,1.827187696202135,-5.848707646353041,1.0889306816741626,0.0530780150187955,ff,ff,0.36821000000000004,0.567601,0.46790550000000003,1.24836,2.6553290000301786,ok,SPICE_SKY130_RELEASED_SPICE,off,0,0,sky130-pdk/libraries/sky130_fd_sc_hd/latest/cells/xor2/sky130_fd_sc_hd__xor2_1.spice,results/sky130_cross_pdk_replication/online/runs/seed_1/corner_ff/netlists/15110063_xor2_1_ff.cir,results/sky130_cross_pdk_replication/online/runs/seed_1/corner_ff/logs/15110063_xor2_1_ff.log,0,39,1,ff,63,4
15110064,SKY130,130,XOR2,XOR2_4,XOR2_4,4,A_to_X__B=0,0,2,40,13.000000000000004,20.0,1.659702295060162,11.048595253075788,1.9201698947739738,0.0770605443700115,ff,ff,0.441679,0.264531,0.353105,1.77214,9.168398457986768,ok,SPICE_SKY130_RELEASED_SPICE,off,0,0,sky130-pdk/libraries/sky130_fd_sc_hd/latest/cells/xor2/sky130_fd_sc_hd__xor2_4.spice,results/sky130_cross_pdk_replication/online/runs/seed_1/corner_ff/netlists/15110064_xor2_4_ff.cir,results/sky130_cross_pdk_replication/online/runs/seed_1/corner_ff/logs/15110064_xor2_4_ff.log,0,45,1,ff,64,4
15110065,SKY130,130,AOI21,AOI21_1,A21OI_1,1,"A1_to_Y__A2=1,B1=0",1,3,6,1.9500000000000002,3.0,1.9703746566049,16.91200299342958,7.372140165275999,0.17564570026622595,ff,ff,1.05922,3.01127,2.035245,4.61527,1.818258625047747,ok,SPICE_SKY130_RELEASED_SPICE,off,0,0,sky130-pdk/libraries/sky130_fd_sc_hd/latest/cells/a21oi/sky130_fd_sc_hd__a21oi_1.spice,results/sky130_cross_pdk_replication/online/runs/seed_1/corner_ff/netlists/15110065_aoi21_1_ff.cir,results/sky130_cross_pdk_replication/online/runs/seed_1/corner_ff/logs/15110065_aoi21_1_ff.log,0,49,1,ff,65,5
15110066,SKY130,130,AOI21,AOI21_4,A21OI_4,4,"A1_to_Y__A2=1,B1=0",1,3,24,7.800000000000002,12.0,1.8632524373000052,58.34425104304941,2.2636084058859476,0.05638302168546481,ff,ff,0.10039500000000001,0.501252,0.3008235,1.9351,5.6272282500285655,ok,SPICE_SKY130_RELEASED_SPICE,off,0,0,sky130-pdk/libraries/sky130_fd_sc_hd/latest/cells/a21oi/sky130_fd_sc_hd__a21oi_4.spice,results/sky130_cross_pdk_replication/online/runs/seed_1/corner_ff/netlists/15110066_aoi21_4_ff.cir,results/sky130_cross_pdk_replication/online/runs/seed_1/corner_ff/logs/15110066_aoi21_4_ff.log,0,58,1,ff,66,5
15110067,SKY130,130,INV,INV_1,INV_1,1,A_to_Y,1,1,2,0.65,1.0,1.894875771126797,-3.753291641799265,0.7746966189919906,0.09598154245333441,ff,ff,0.341204,0.673118,0.5071610000000001,2.1841,0.9467254170449451,ok,SPICE_SKY130_RELEASED_SPICE,off,0,0,sky130-pdk/libraries/sky130_fd_sc_hd/latest/cells/inv/sky130_fd_sc_hd__inv_1.spice,results/sky130_cross_pdk_replication/online/runs/seed_1/corner_ff/netlists/15110067_inv_1_ff.cir,results/sky130_cross_pdk_replication/online/runs/seed_1/corner_ff/logs/15110067_inv_1_ff.log,0,0,1,ff,67,5
15110068,SKY130,130,INV,INV_4,INV_4,4,A_to_Y,1,1,8,2.6,4.0,1.9455095621555984,22.629615026284448,5.142690087244427,0.0787412630056606,ff,ff,-0.13303900000000002,0.8378009999999999,0.352381,4.09946,2.170077459013555,ok,SPICE_SKY130_RELEASED_SPICE,off,0,0,sky130-pdk/libraries/sky130_fd_sc_hd/latest/cells/inv/sky130_fd_sc_hd__inv_4.spice,results/sky130_cross_pdk_replication/online/runs/seed_1/corner_ff/netlists/15110068_inv_4_ff.cir,results/sky130_cross_pdk_replication/online/runs/seed_1/corner_ff/logs/15110068_inv_4_ff.log,0,6,1,ff,68,5
15110069,SKY130,130,MUX2,MUX2_1,MUX2_1,1,"A0_to_X__A1=0,S=0",0,3,12,2.75,3.1,1.6223590837827324,42.761919952926775,3.9736645029661597,0.0886553328962403,ff,ff,0.97854,0.63551,0.807025,1.57017,3.136981417017523,ok,SPICE_SKY130_RELEASED_SPICE,off,0,0,sky130-pdk/libraries/sky130_fd_sc_hd/latest/cells/mux2/sky130_fd_sc_hd__mux2_1.spice,results/sky130_cross_pdk_replication/online/runs/seed_1/corner_ff/netlists/15110069_mux2_1_ff.cir,results/sky130_cross_pdk_replication/online/runs/seed_1/corner_ff/logs/15110069_mux2_1_ff.log,0,74,1,ff,69,5
15110070,SKY130,130,MUX2,MUX2_4,MUX2_4,4,"A0_to_X__A1=0,S=0",0,3,18,5.8500000000000005,9.0,1.9424035693014297,59.14853126508915,5.460376694350457,0.1077884163465147,ff,ff,0.949176,0.056299800000000004,0.5027379000000001,3.76232,4.414160582993645,ok,SPICE_SKY130_RELEASED_SPICE,off,0,0,sky130-pdk/libraries/sky130_fd_sc_hd/latest/cells/mux2/sky130_fd_sc_hd__mux2_4.spice,results/sky130_cross_pdk_replication/online/runs/seed_1/corner_ff/netlists/15110070_mux2_4_ff.cir,results/sky130_cross_pdk_replication/online/runs/seed_1/corner_ff/logs/15110070_mux2_4_ff.log,0,81,1,ff,70,5
15110071,SKY130,130,NAND2,NAND2_1,NAND2_1,1,A_to_Y__B=1,1,2,4,1.3,2.0,1.7220541006474965,47.91997327759893,7.2176917374787894,0.00822061622251364,ff,ff,-0.202905,0.840143,0.318619,0.52837,1.3674606250133365,ok,SPICE_SKY130_RELEASED_SPICE,off,0,0,sky130-pdk/libraries/sky130_fd_sc_hd/latest/cells/nand2/sky130_fd_sc_hd__nand2_1.spice,results/sky130_cross_pdk_replication/online/runs/seed_1/corner_ff/netlists/15110071_nand2_1_ff.cir,results/sky130_cross_pdk_replication/online/runs/seed_1/corner_ff/logs/15110071_nand2_1_ff.log,0,16,1,ff,71,5
15110072,SKY130,130,NAND2,NAND2_4,NAND2_4,4,A_to_Y__B=1,1,2,16,5.2,8.0,1.6816461589044873,84.40079578271796,5.363571074399644,0.09163659862147389,ff,ff,0.214713,0.892841,0.553777,2.65742,3.846077708003577,ok,SPICE_SKY130_RELEASED_SPICE,off,0,0,sky130-pdk/libraries/sky130_fd_sc_hd/latest/cells/nand2/sky130_fd_sc_hd__nand2_4.spice,results/sky130_cross_pdk_replication/online/runs/seed_1/corner_ff/netlists/15110072_nand2_4_ff.cir,results/sky130_cross_pdk_replication/online/runs/seed_1/corner_ff/logs/15110072_nand2_4_ff.log,0,23,1,ff,72,5
15110073,SKY130,130,NAND3,NAND3_1,NAND3_1,1,"A_to_Y__B=1,C=1",1,3,6,1.9500000000000002,3.0,1.7498593233592232,50.68760642009907,3.140062071390261,0.06252999209773162,ff,ff,0.6479750000000001,1.07045,0.8592124999999999,1.29074,1.8111262079910375,ok,SPICE_SKY130_RELEASED_SPICE,off,0,0,sky130-pdk/libraries/sky130_fd_sc_hd/latest/cells/nand3/sky130_fd_sc_hd__nand3_1.spice,results/sky130_cross_pdk_replication/online/runs/seed_1/corner_ff/netlists/15110073_nand3_1_ff.cir,results/sky130_cross_pdk_replication/online/runs/seed_1/corner_ff/logs/15110073_nand3_1_ff.log,0,88,1,ff,73,5
15110074,SKY130,130,NAND3,NAND3_4,NAND3_4,4,"A_to_Y__B=1,C=1",1,3,24,7.800000000000002,12.0,1.861103829243603,13.775345818095666,8.460001433191808,0.1028143730866838,ff,ff,0.0027599599999999997,1.31566,0.65920998,4.2205,5.594841292011552,ok,SPICE_SKY130_RELEASED_SPICE,off,0,0,sky130-pdk/libraries/sky130_fd_sc_hd/latest/cells/nand3/sky130_fd_sc_hd__nand3_4.spice,results/sky130_cross_pdk_replication/online/runs/seed_1/corner_ff/netlists/15110074_nand3_4_ff.cir,results/sky130_cross_pdk_replication/online/runs/seed_1/corner_ff/logs/15110074_nand3_4_ff.log,0,92,1,ff,74,5
15110075,SKY130,130,NOR2,NOR2_1,NOR2_1,1,A_to_Y__B=0,1,2,4,1.3,2.0,1.8590833155654793,40.94716164830797,10.383009325918177,0.03616406269800405,ff,ff,-0.207928,1.8812,0.836636,1.47135,1.3528448330471292,ok,SPICE_SKY130_RELEASED_SPICE,off,0,0,sky130-pdk/libraries/sky130_fd_sc_hd/latest/cells/nor2/sky130_fd_sc_hd__nor2_1.spice,results/sky130_cross_pdk_replication/online/runs/seed_1/corner_ff/netlists/15110075_nor2_1_ff.cir,results/sky130_cross_pdk_replication/online/runs/seed_1/corner_ff/logs/15110075_nor2_1_ff.log,0,25,1,ff,75,5
15110076,SKY130,130,NOR2,NOR2_4,NOR2_4,4,A_to_Y__B=0,1,2,16,5.2,8.0,1.7038719105645723,43.5188259526696,6.335486177808215,0.02342446819700346,ff,ff,-0.250259,0.85712,0.3034305,1.38838,3.8704837919794954,ok,SPICE_SKY130_RELEASED_SPICE,off,0,0,sky130-pdk/libraries/sky130_fd_sc_hd/latest/cells/nor2/sky130_fd_sc_hd__nor2_4.spice,results/sky130_cross_pdk_replication/online/runs/seed_1/corner_ff/netlists/15110076_nor2_4_ff.cir,results/sky130_cross_pdk_replication/online/runs/seed_1/corner_ff/logs/15110076_nor2_4_ff.log,0,32,1,ff,76,5
15110077,SKY130,130,OAI21,OAI21_1,O21AI_1,1,"A1_to_Y__A2=0,B1=1",1,3,6,1.9500000000000002,2.7,1.6993436639002164,-1.6492081962123137,4.65465514714343,0.10123356816851181,ff,ff,0.8857269999999999,2.39994,1.6428334999999998,1.89601,1.8170309590059333,ok,SPICE_SKY130_RELEASED_SPICE,off,0,0,sky130-pdk/libraries/sky130_fd_sc_hd/latest/cells/o21ai/sky130_fd_sc_hd__o21ai_1.spice,results/sky130_cross_pdk_replication/online/runs/seed_1/corner_ff/netlists/15110077_oai21_1_ff.cir,results/sky130_cross_pdk_replication/online/runs/seed_1/corner_ff/logs/15110077_oai21_1_ff.log,0,65,1,ff,77,5
15110078,SKY130,130,OAI21,OAI21_4,O21AI_4,4,"A1_to_Y__A2=0,B1=1",1,3,24,7.800000000000002,12.0,1.8667908651574485,18.25204662560334,3.77946484133581,0.10637951733111614,ff,ff,0.15307800000000002,0.9635209999999998,0.5582995,3.08527,5.644513500039466,ok,SPICE_SKY130_RELEASED_SPICE,off,0,0,sky130-pdk/libraries/sky130_fd_sc_hd/latest/cells/o21ai/sky130_fd_sc_hd__o21ai_4.spice,results/sky130_cross_pdk_replication/online/runs/seed_1/corner_ff/netlists/15110078_oai21_4_ff.cir,results/sky130_cross_pdk_replication/online/runs/seed_1/corner_ff/logs/15110078_oai21_4_ff.log,0,70,1,ff,78,5
15110079,SKY130,130,XOR2,XOR2_1,XOR2_1,1,A_to_X__B=0,0,2,10,3.25,5.0,1.720854463475782,28.747558244429868,5.571948334603999,0.16589002662948246,ff,ff,1.17008,1.6105,1.39029,3.35264,2.6822477920213714,ok,SPICE_SKY130_RELEASED_SPICE,off,0,0,sky130-pdk/libraries/sky130_fd_sc_hd/latest/cells/xor2/sky130_fd_sc_hd__xor2_1.spice,results/sky130_cross_pdk_replication/online/runs/seed_1/corner_ff/netlists/15110079_xor2_1_ff.cir,results/sky130_cross_pdk_replication/online/runs/seed_1/corner_ff/logs/15110079_xor2_1_ff.log,0,40,1,ff,79,5
15110080,SKY130,130,XOR2,XOR2_4,XOR2_4,4,A_to_X__B=0,0,2,40,13.000000000000004,20.0,1.6876443535774739,51.38235689757974,6.716784280524098,0.020447172697826827,ff,ff,0.7830790000000001,-0.205896,0.2885915,1.76477,9.07853412500117,ok,SPICE_SKY130_RELEASED_SPICE,off,0,0,sky130-pdk/libraries/sky130_fd_sc_hd/latest/cells/xor2/sky130_fd_sc_hd__xor2_4.spice,results/sky130_cross_pdk_replication/online/runs/seed_1/corner_ff/netlists/15110080_xor2_4_ff.cir,results/sky130_cross_pdk_replication/online/runs/seed_1/corner_ff/logs/15110080_xor2_4_ff.log,0,44,1,ff,80,5
15110081,SKY130,130,AOI21,AOI21_1,A21OI_1,1,"A1_to_Y__A2=1,B1=0",1,3,6,1.9500000000000002,3.0,1.6792915641672794,89.63429524099888,2.15634037153775,0.09901914131803638,ff,ff,0.76469,1.49986,1.132275,1.81434,1.8297626670100726,ok,SPICE_SKY130_RELEASED_SPICE,off,0,0,sky130-pdk/libraries/sky130_fd_sc_hd/latest/cells/a21oi/sky130_fd_sc_hd__a21oi_1.spice,results/sky130_cross_pdk_replication/online/runs/seed_1/corner_ff/netlists/15110081_aoi21_1_ff.cir,results/sky130_cross_pdk_replication/online/runs/seed_1/corner_ff/logs/15110081_aoi21_1_ff.log,0,48,1,ff,81,6
15110082,SKY130,130,AOI21,AOI21_4,A21OI_4,4,"A1_to_Y__A2=1,B1=0",1,3,24,7.800000000000002,12.0,1.7895330863261598,88.06981495751995,6.073760573381089,0.18019457416404527,ff,ff,0.390332,1.38303,0.8866809999999999,5.10503,5.674201000016183,ok,SPICE_SKY130_RELEASED_SPICE,off,0,0,sky130-pdk/libraries/sky130_fd_sc_hd/latest/cells/a21oi/sky130_fd_sc_hd__a21oi_4.spice,results/sky130_cross_pdk_replication/online/runs/seed_1/corner_ff/netlists/15110082_aoi21_4_ff.cir,results/sky130_cross_pdk_replication/online/runs/seed_1/corner_ff/logs/15110082_aoi21_4_ff.log,0,55,1,ff,82,6
15110083,SKY130,130,INV,INV_1,INV_1,1,A_to_Y,1,1,2,0.65,1.0,1.7657220616575802,48.58946993548474,5.628314607754811,0.0057994068131708406,ff,ff,-0.261278,0.64633,0.192526,0.516415,0.9434131670277566,ok,SPICE_SKY130_RELEASED_SPICE,off,0,0,sky130-pdk/libraries/sky130_fd_sc_hd/latest/cells/inv/sky130_fd_sc_hd__inv_1.spice,results/sky130_cross_pdk_replication/online/runs/seed_1/corner_ff/netlists/15110083_inv_1_ff.cir,results/sky130_cross_pdk_replication/online/runs/seed_1/corner_ff/logs/15110083_inv_1_ff.log,0,4,1,ff,83,6
15110084,SKY130,130,INV,INV_4,INV_4,4,A_to_Y,1,1,8,2.6,4.0,1.724656343680019,92.81133142757037,2.8885464192451282,0.03806221648523971,ff,ff,0.0077369199999999996,0.42477099999999995,0.21625396,1.59356,2.1697127079823986,ok,SPICE_SKY130_RELEASED_SPICE,off,0,0,sky130-pdk/libraries/sky130_fd_sc_hd/latest/cells/inv/sky130_fd_sc_hd__inv_4.spice,results/sky130_cross_pdk_replication/online/runs/seed_1/corner_ff/netlists/15110084_inv_4_ff.cir,results/sky130_cross_pdk_replication/online/runs/seed_1/corner_ff/logs/15110084_inv_4_ff.log,0,9,1,ff,84,6
15110085,SKY130,130,MUX2,MUX2_1,MUX2_1,1,"A0_to_X__A1=0,S=0",0,3,12,2.75,3.1,1.853965027038185,9.781798708255259,8.37253457776865,0.024580038081816635,ff,ff,1.1815900000000001,-0.19054,0.495525,0.872939,3.17609874997288,ok,SPICE_SKY130_RELEASED_SPICE,off,0,0,sky130-pdk/libraries/sky130_fd_sc_hd/latest/cells/mux2/sky130_fd_sc_hd__mux2_1.spice,results/sky130_cross_pdk_replication/online/runs/seed_1/corner_ff/netlists/15110085_mux2_1_ff.cir,results/sky130_cross_pdk_replication/online/runs/seed_1/corner_ff/logs/15110085_mux2_1_ff.log,0,77,1,ff,85,6
15110086,SKY130,130,MUX2,MUX2_4,MUX2_4,4,"A0_to_X__A1=0,S=0",0,3,18,5.8500000000000005,9.0,1.7390587139894824,39.87974693731101,2.1797291413484494,0.08102644260290601,ff,ff,0.613778,0.259353,0.4365655,1.89407,4.394096500007436,ok,SPICE_SKY130_RELEASED_SPICE,off,0,0,sky130-pdk/libraries/sky130_fd_sc_hd/latest/cells/mux2/sky130_fd_sc_hd__mux2_4.spice,results/sky130_cross_pdk_replication/online/runs/seed_1/corner_ff/netlists/15110086_mux2_4_ff.cir,results/sky130_cross_pdk_replication/online/runs/seed_1/corner_ff/logs/15110086_mux2_4_ff.log,0,79,1,ff,86,6
15110087,SKY130,130,NAND2,NAND2_1,NAND2_1,1,A_to_Y__B=1,1,2,4,1.3,2.0,1.918955957137314,-22.747549388794322,5.356864111446483,0.09383797715571596,ff,ff,0.5645479999999999,1.72613,1.1453389999999999,2.33044,1.3581294169998728,ok,SPICE_SKY130_RELEASED_SPICE,off,0,0,sky130-pdk/libraries/sky130_fd_sc_hd/latest/cells/nand2/sky130_fd_sc_hd__nand2_1.spice,results/sky130_cross_pdk_replication/online/runs/seed_1/corner_ff/netlists/15110087_nand2_1_ff.cir,results/sky130_cross_pdk_replication/online/runs/seed_1/corner_ff/logs/15110087_nand2_1_ff.log,0,15,1,ff,87,6
15110088,SKY130,130,NAND2,NAND2_4,NAND2_4,4,A_to_Y__B=1,1,2,16,5.2,8.0,1.6745387635438973,50.8189009419318,9.247049009623975,0.1484711198126255,ff,ff,0.28458500000000003,1.6661700000000002,0.9753775,3.71785,3.9164023749763146,ok,SPICE_SKY130_RELEASED_SPICE,off,0,0,sky130-pdk/libraries/sky130_fd_sc_hd/latest/cells/nand2/sky130_fd_sc_hd__nand2_4.spice,results/sky130_cross_pdk_replication/online/runs/seed_1/corner_ff/netlists/15110088_nand2_4_ff.cir,results/sky130_cross_pdk_replication/online/runs/seed_1/corner_ff/logs/15110088_nand2_4_ff.log,0,20,1,ff,88,6
15110089,SKY130,130,NAND3,NAND3_1,NAND3_1,1,"A_to_Y__B=1,C=1",1,3,6,1.9500000000000002,3.0,1.880041402125756,40.15309353292885,5.477859179559912,0.11925130128763273,ff,ff,1.02783,1.7908000000000002,1.4093149999999999,2.88397,1.7935957500012591,ok,SPICE_SKY130_RELEASED_SPICE,off,0,0,sky130-pdk/libraries/sky130_fd_sc_hd/latest/cells/nand3/sky130_fd_sc_hd__nand3_1.spice,results/sky130_cross_pdk_replication/online/runs/seed_1/corner_ff/netlists/15110089_nand3_1_ff.cir,results/sky130_cross_pdk_replication/online/runs/seed_1/corner_ff/logs/15110089_nand3_1_ff.log,0,89,1,ff,89,6
15110090,SKY130,130,NAND3,NAND3_4,NAND3_4,4,"A_to_Y__B=1,C=1",1,3,24,7.800000000000002,12.0,1.7988454721392586,36.79330037655893,1.5731627767077687,0.025603846048157828,ff,ff,0.0596526,0.280912,0.1702823,0.895919,5.333962749980856,ok,SPICE_SKY130_RELEASED_SPICE,off,0,0,sky130-pdk/libraries/sky130_fd_sc_hd/latest/cells/nand3/sky130_fd_sc_hd__nand3_4.spice,results/sky130_cross_pdk_replication/online/runs/seed_1/corner_ff/netlists/15110090_nand3_4_ff.cir,results/sky130_cross_pdk_replication/online/runs/seed_1/corner_ff/logs/15110090_nand3_4_ff.log,0,94,1,ff,90,6
15110091,SKY130,130,NOR2,NOR2_1,NOR2_1,1,A_to_Y__B=0,1,2,4,1.3,2.0,1.6201854033858203,77.55758562819572,4.8604415844339925,0.12031067668835153,ff,ff,0.922692,2.45126,1.686976,2.06119,1.3742697919951752,ok,SPICE_SKY130_RELEASED_SPICE,off,0,0,sky130-pdk/libraries/sky130_fd_sc_hd/latest/cells/nor2/sky130_fd_sc_hd__nor2_1.spice,results/sky130_cross_pdk_replication/online/runs/seed_1/corner_ff/netlists/15110091_nor2_1_ff.cir,results/sky130_cross_pdk_replication/online/runs/seed_1/corner_ff/logs/15110091_nor2_1_ff.log,0,29,1,ff,91,6
15110092,SKY130,130,NOR2,NOR2_4,NOR2_4,4,A_to_Y__B=0,1,2,16,5.2,8.0,1.827365233065567,77.42977320617972,10.889722003444815,0.13550240974225095,ff,ff,-0.187027,1.7837100000000001,0.7983415,6.47599,3.78152408299502,ok,SPICE_SKY130_RELEASED_SPICE,off,0,0,sky130-pdk/libraries/sky130_fd_sc_hd/latest/cells/nor2/sky130_fd_sc_hd__nor2_4.spice,results/sky130_cross_pdk_replication/online/runs/seed_1/corner_ff/netlists/15110092_nor2_4_ff.cir,results/sky130_cross_pdk_replication/online/runs/seed_1/corner_ff/logs/15110092_nor2_4_ff.log,0,30,1,ff,92,6
15110093,SKY130,130,OAI21,OAI21_1,O21AI_1,1,"A1_to_Y__A2=0,B1=1",1,3,6,1.9500000000000002,2.7,1.7985097919356783,83.50165772247159,8.353972265373994,0.14799224715607015,ff,ff,1.16771,2.9558,2.0617550000000002,3.36761,1.755361334013287,ok,SPICE_SKY130_RELEASED_SPICE,off,0,0,sky130-pdk/libraries/sky130_fd_sc_hd/latest/cells/o21ai/sky130_fd_sc_hd__o21ai_1.spice,results/sky130_cross_pdk_replication/online/runs/seed_1/corner_ff/netlists/15110093_oai21_1_ff.cir,results/sky130_cross_pdk_replication/online/runs/seed_1/corner_ff/logs/15110093_oai21_1_ff.log,0,60,1,ff,93,6
15110094,SKY130,130,OAI21,OAI21_4,O21AI_4,4,"A1_to_Y__A2=0,B1=1",1,3,24,7.800000000000002,12.0,1.7688644682860268,0.5050961326782897,9.126887474221384,0.17352733678515128,ff,ff,0.241729,2.21652,1.2291245,4.16077,4.52322604204528,ok,SPICE_SKY130_RELEASED_SPICE,off,0,0,sky130-pdk/libraries/sky130_fd_sc_hd/latest/cells/o21ai/sky130_fd_sc_hd__o21ai_4.spice,results/sky130_cross_pdk_replication/online/runs/seed_1/corner_ff/netlists/15110094_oai21_4_ff.cir,results/sky130_cross_pdk_replication/online/runs/seed_1/corner_ff/logs/15110094_oai21_4_ff.log,0,71,1,ff,94,6
15110095,SKY130,130,XOR2,XOR2_1,XOR2_1,1,A_to_X__B=0,0,2,10,3.25,5.0,1.885453712078349,73.00959046954668,7.951678546477352,0.09220616411420447,ff,ff,1.16032,0.354323,0.7573215,3.18565,2.542537999979686,ok,SPICE_SKY130_RELEASED_SPICE,off,0,0,sky130-pdk/libraries/sky130_fd_sc_hd/latest/cells/xor2/sky130_fd_sc_hd__xor2_1.spice,results/sky130_cross_pdk_replication/online/runs/seed_1/corner_ff/netlists/15110095_xor2_1_ff.cir,results/sky130_cross_pdk_replication/online/runs/seed_1/corner_ff/logs/15110095_xor2_1_ff.log,0,36,1,ff,95,6
15110096,SKY130,130,XOR2,XOR2_4,XOR2_4,4,A_to_X__B=0,0,2,40,13.000000000000004,20.0,1.8430209134131408,20.423016186240744,8.49278861783761,0.16534374016808584,ff,ff,1.14029,-0.11801299999999999,0.5111384999999999,6.13196,5.728856417001225,ok,SPICE_SKY130_RELEASED_SPICE,off,0,0,sky130-pdk/libraries/sky130_fd_sc_hd/latest/cells/xor2/sky130_fd_sc_hd__xor2_4.spice,results/sky130_cross_pdk_replication/online/runs/seed_1/corner_ff/netlists/15110096_xor2_4_ff.cir,results/sky130_cross_pdk_replication/online/runs/seed_1/corner_ff/logs/15110096_xor2_4_ff.log,0,43,1,ff,96,6
