sample_id,cell_type,input_arc,Wn_um,L_um,Wp_Wn_ratio,Vdd,Temp,Cload_fF,slew_ps,corner,tphl_ns,tplh_ns,delay_avg_ns,power_avg_uW,simulator,ngspice_version,model_file,nmos_model,pmos_model,statistical_mode,sw_stat_global,sw_stat_mismatch,sampling_seed,fidelity,status,netlist_path,log_path,candidate_id,seed,pool_seed,heldout_corner,strategy,query_order,batch_index,spice_wall_time_s,acquisition_score,delay_uncertainty_scaled,diversity_scaled,reference_origin
4304025,INV,I_to_Z,4.853318703375322,0.28,2.4077029085951835,1.9632604978227628,-14.350609671043932,48.04142861802803,83.36300872353976,ff,0.0671116,0.0721854,0.0696485,7.15656,ngspice,ngspice-46 : Circuit level simulation program,gf180mcu-pdk/libraries/gf180mcu_fd_pr/latest/models/ngspice/sm141064.ngspice,nmos_3p3,pmos_3p3,off,0,0,3,SPICE_GF180MCU,ok,results/online_spice_deterministic/runs/seed_3/corner_ff/cell_balanced_space_filling/netlists/4304025_INV.cir,results/online_spice_deterministic/runs/seed_3/corner_ff/cell_balanced_space_filling/logs/4304025_INV.log,0,3,3,ff,cell_balanced_space_filling,25.0,7.0,0.3763235829828772,0.9645845398424644,0.0485243922022467,0.9645845398424644,existing_online_query
4301013,INV,I_to_Z,1.7062402478544425,0.28,1.6418558197177713,1.762081204709118,18.240654955776375,3.075320600358919,173.50637127813818,ff,0.0464719,0.0711245,0.0587982,0.642506,ngspice,ngspice-46 : Circuit level simulation program,gf180mcu-pdk/libraries/gf180mcu_fd_pr/latest/models/ngspice/sm141064.ngspice,nmos_3p3,pmos_3p3,off,0,0,3,SPICE_GF180MCU,ok,results/online_spice_deterministic/runs/seed_3/corner_ff/cell_balanced_random/netlists/4301013_INV.cir,results/online_spice_deterministic/runs/seed_3/corner_ff/cell_balanced_random/logs/4301013_INV.log,1,3,3,ff,cell_balanced_random,13.0,4.0,0.393552624998847,,0.0746734705885981,0.5931011297082006,existing_online_query
4304033,INV,I_to_Z,3.056417788049261,0.28,1.5746425680616765,1.927900209010712,71.22302267104203,60.22615295726261,210.0063144352452,ff,0.1345829999999999,0.19751,0.1660464999999999,7.3289,ngspice,ngspice-46 : Circuit level simulation program,gf180mcu-pdk/libraries/gf180mcu_fd_pr/latest/models/ngspice/sm141064.ngspice,nmos_3p3,pmos_3p3,off,0,0,3,SPICE_GF180MCU,ok,results/online_spice_deterministic/runs/seed_3/corner_ff/cell_balanced_space_filling/netlists/4304033_INV.cir,results/online_spice_deterministic/runs/seed_3/corner_ff/cell_balanced_space_filling/logs/4304033_INV.log,2,3,3,ff,cell_balanced_space_filling,33.0,9.0,0.3907996670168359,1.0,0.1864680429643195,1.0,existing_online_query
4301001,INV,I_to_Z,2.5838796796237897,0.28,2.4544766072811592,1.6507362302628474,10.791395674203828,76.34072449644117,433.1855496435341,ff,0.241624,0.276828,0.259226,6.65707,ngspice,ngspice-46 : Circuit level simulation program,gf180mcu-pdk/libraries/gf180mcu_fd_pr/latest/models/ngspice/sm141064.ngspice,nmos_3p3,pmos_3p3,off,0,0,3,SPICE_GF180MCU,ok,results/online_spice_deterministic/runs/seed_3/corner_ff/cell_balanced_random/netlists/4301001_INV.cir,results/online_spice_deterministic/runs/seed_3/corner_ff/cell_balanced_random/logs/4301001_INV.log,3,3,3,ff,cell_balanced_random,1.0,1.0,0.374887125013629,,0.2088049663786246,0.5093678289182693,existing_online_query
4301033,INV,I_to_Z,2.394646002794848,0.28,2.149756906969074,1.715138788998635,9.034243476502809,84.32335632431989,238.669289954044,ff,0.215227,0.266273,0.2407499999999999,7.76762,ngspice,ngspice-46 : Circuit level simulation program,gf180mcu-pdk/libraries/gf180mcu_fd_pr/latest/models/ngspice/sm141064.ngspice,nmos_3p3,pmos_3p3,off,0,0,3,SPICE_GF180MCU,ok,results/online_spice_deterministic/runs/seed_3/corner_ff/cell_balanced_random/netlists/4301033_INV.cir,results/online_spice_deterministic/runs/seed_3/corner_ff/cell_balanced_random/logs/4301033_INV.log,4,3,3,ff,cell_balanced_random,33.0,9.0,0.3801410419982858,,0.1851113401829795,0.2613629283692534,existing_online_query
4304005,INV,I_to_Z,3.713041305065304,0.28,2.2199254034077773,1.771904649581402,-4.8705806547144945,6.176833489293717,161.4948813109571,ff,0.0468908,0.0605384,0.0537146,1.52495,ngspice,ngspice-46 : Circuit level simulation program,gf180mcu-pdk/libraries/gf180mcu_fd_pr/latest/models/ngspice/sm141064.ngspice,nmos_3p3,pmos_3p3,off,0,0,3,SPICE_GF180MCU,ok,results/online_spice_deterministic/runs/seed_3/corner_ff/cell_balanced_space_filling/netlists/4304005_INV.cir,results/online_spice_deterministic/runs/seed_3/corner_ff/cell_balanced_space_filling/logs/4304005_INV.log,5,3,3,ff,cell_balanced_space_filling,5.0,2.0,0.3725677079928573,0.9601255053659142,0.0411052548313234,0.9601255053659142,existing_online_query
4301029,INV,I_to_Z,1.3118056426801856,0.28,1.8577563959118903,1.8272631435031983,95.80809405140286,74.39207590808302,280.6007503833005,ff,0.326175,0.430766,0.3784705,7.51834,ngspice,ngspice-46 : Circuit level simulation program,gf180mcu-pdk/libraries/gf180mcu_fd_pr/latest/models/ngspice/sm141064.ngspice,nmos_3p3,pmos_3p3,off,0,0,3,SPICE_GF180MCU,ok,results/online_spice_deterministic/runs/seed_3/corner_ff/cell_balanced_random/netlists/4301029_INV.cir,results/online_spice_deterministic/runs/seed_3/corner_ff/cell_balanced_random/logs/4301029_INV.log,6,3,3,ff,cell_balanced_random,29.0,8.0,0.3961230000131763,,0.3256422059450554,0.3982482763758509,existing_online_query
4301017,INV,I_to_Z,1.478630980953302,0.28,1.9881803529690067,1.6922377228526724,42.69176692815667,11.98479678688303,331.46175695827407,ff,0.113623,0.149537,0.13158,1.34518,ngspice,ngspice-46 : Circuit level simulation program,gf180mcu-pdk/libraries/gf180mcu_fd_pr/latest/models/ngspice/sm141064.ngspice,nmos_3p3,pmos_3p3,off,0,0,3,SPICE_GF180MCU,ok,results/online_spice_deterministic/runs/seed_3/corner_ff/cell_balanced_random/netlists/4301017_INV.cir,results/online_spice_deterministic/runs/seed_3/corner_ff/cell_balanced_random/logs/4301017_INV.log,7,3,3,ff,cell_balanced_random,17.0,5.0,0.393298707989743,,0.1085424853887542,0.299997751056064,existing_online_query
4301041,INV,I_to_Z,2.1300261118514445,0.28,1.7860694566230322,1.833040460899467,-19.62252266864338,15.090283524302183,217.93026921493333,ff,0.0795807,0.110437,0.0950088499999999,1.99127,ngspice,ngspice-46 : Circuit level simulation program,gf180mcu-pdk/libraries/gf180mcu_fd_pr/latest/models/ngspice/sm141064.ngspice,nmos_3p3,pmos_3p3,off,0,0,3,SPICE_GF180MCU,ok,results/online_spice_deterministic/runs/seed_3/corner_ff/cell_balanced_random/netlists/4301041_INV.cir,results/online_spice_deterministic/runs/seed_3/corner_ff/cell_balanced_random/logs/4301041_INV.log,8,3,3,ff,cell_balanced_random,41.0,11.0,0.3913672909839079,,0.0411007251821659,0.2473088746305359,existing_online_query
4301037,INV,I_to_Z,3.6074947444560856,0.28,1.7480690993835457,1.7947778845599804,94.63624547896002,32.737215937943645,446.63146492031535,ff,0.122499,0.179833,0.151166,4.13825,ngspice,ngspice-46 : Circuit level simulation program,gf180mcu-pdk/libraries/gf180mcu_fd_pr/latest/models/ngspice/sm141064.ngspice,nmos_3p3,pmos_3p3,off,0,0,3,SPICE_GF180MCU,ok,results/online_spice_deterministic/runs/seed_3/corner_ff/cell_balanced_random/netlists/4301037_INV.cir,results/online_spice_deterministic/runs/seed_3/corner_ff/cell_balanced_random/logs/4301037_INV.log,9,3,3,ff,cell_balanced_random,37.0,10.0,0.3860162909841165,,0.0377832289690702,0.450671597908012,existing_online_query
4301009,INV,I_to_Z,0.743250857253073,0.28,2.6705173378760696,1.88144067111998,23.332185733021703,56.93524780380661,23.728850539239133,ff,0.323028,0.317006,0.320017,6.0876,ngspice,ngspice-46 : Circuit level simulation program,gf180mcu-pdk/libraries/gf180mcu_fd_pr/latest/models/ngspice/sm141064.ngspice,nmos_3p3,pmos_3p3,off,0,0,3,SPICE_GF180MCU,ok,results/online_spice_deterministic/runs/seed_3/corner_ff/cell_balanced_random/netlists/4301009_INV.cir,results/online_spice_deterministic/runs/seed_3/corner_ff/cell_balanced_random/logs/4301009_INV.log,10,3,3,ff,cell_balanced_random,9.0,3.0,0.3852306249900721,,0.6879609261011487,0.6959076173714447,existing_online_query
4303033,INV,I_to_Z,0.8933191786290893,0.28,2.5606818847201795,1.8529074072256504,46.87469989917538,27.66787130984331,46.350727507252024,ff,0.15805,0.1592049999999999,0.1586275,3.0797,ngspice,ngspice-46 : Circuit level simulation program,gf180mcu-pdk/libraries/gf180mcu_fd_pr/latest/models/ngspice/sm141064.ngspice,nmos_3p3,pmos_3p3,off,0,0,3,SPICE_GF180MCU,ok,results/online_spice_deterministic/runs/seed_3/corner_ff/uncertainty/netlists/4303033_INV.cir,results/online_spice_deterministic/runs/seed_3/corner_ff/uncertainty/logs/4303033_INV.log,11,3,3,ff,uncertainty,33.0,9.0,0.3788208750193007,1.0,1.0,0.066938469501155,existing_online_query
4301045,INV,I_to_Z,4.646208386918316,0.28,2.8941571823674463,1.6699875199758882,87.71390825851715,65.3725045769235,489.3211161722524,ff,0.182067,0.191109,0.186588,6.8411,ngspice,ngspice-46 : Circuit level simulation program,gf180mcu-pdk/libraries/gf180mcu_fd_pr/latest/models/ngspice/sm141064.ngspice,nmos_3p3,pmos_3p3,off,0,0,3,SPICE_GF180MCU,ok,results/online_spice_deterministic/runs/seed_3/corner_ff/cell_balanced_random/netlists/4301045_INV.cir,results/online_spice_deterministic/runs/seed_3/corner_ff/cell_balanced_random/logs/4301045_INV.log,12,3,3,ff,cell_balanced_random,45.0,12.0,0.3882971669954713,,0.0723936642160909,0.952912875288916,existing_online_query
4304037,INV,I_to_Z,2.3124552383078445,0.28,2.8542584453797195,1.94126727235081,64.76539008829879,38.324522959708666,338.4877566490165,ff,0.149925,0.1502,0.1500625,5.24281,ngspice,ngspice-46 : Circuit level simulation program,gf180mcu-pdk/libraries/gf180mcu_fd_pr/latest/models/ngspice/sm141064.ngspice,nmos_3p3,pmos_3p3,off,0,0,3,SPICE_GF180MCU,ok,results/online_spice_deterministic/runs/seed_3/corner_ff/cell_balanced_space_filling/netlists/4304037_INV.cir,results/online_spice_deterministic/runs/seed_3/corner_ff/cell_balanced_space_filling/logs/4304037_INV.log,13,3,3,ff,cell_balanced_space_filling,37.0,10.0,0.3861579580116085,1.0,0.2412565246926861,1.0,existing_online_query
4301005,INV,I_to_Z,3.261309323477203,0.28,2.6174294772640794,1.728685532894744,39.5122872910502,89.53525973674797,67.67805709503173,ff,0.155901,0.158322,0.1571115,8.79794,ngspice,ngspice-46 : Circuit level simulation program,gf180mcu-pdk/libraries/gf180mcu_fd_pr/latest/models/ngspice/sm141064.ngspice,nmos_3p3,pmos_3p3,off,0,0,3,SPICE_GF180MCU,ok,results/online_spice_deterministic/runs/seed_3/corner_ff/cell_balanced_random/netlists/4301005_INV.cir,results/online_spice_deterministic/runs/seed_3/corner_ff/cell_balanced_random/logs/4301005_INV.log,14,3,3,ff,cell_balanced_random,5.0,2.0,0.384872832975816,,0.0964419280690453,0.5628965836601066,existing_online_query
4304009,INV,I_to_Z,4.122438901646089,0.28,1.8781359639452948,1.697041441050446,0.4452039182067437,98.7423815401338,471.4200455491749,ff,0.213756,0.28682,0.250288,9.11683,ngspice,ngspice-46 : Circuit level simulation program,gf180mcu-pdk/libraries/gf180mcu_fd_pr/latest/models/ngspice/sm141064.ngspice,nmos_3p3,pmos_3p3,off,0,0,3,SPICE_GF180MCU,ok,results/online_spice_deterministic/runs/seed_3/corner_ff/cell_balanced_space_filling/netlists/4304009_INV.cir,results/online_spice_deterministic/runs/seed_3/corner_ff/cell_balanced_space_filling/logs/4304009_INV.log,15,3,3,ff,cell_balanced_space_filling,9.0,3.0,0.3729985410172958,0.8956326530759717,0.214448003450339,0.8956326530759717,existing_online_query
4301021,INV,I_to_Z,3.442301679728791,0.28,2.114685359577841,1.8029685404264648,81.47841490159777,68.6152855714103,307.9287278583581,ff,0.166002,0.198104,0.182053,7.49045,ngspice,ngspice-46 : Circuit level simulation program,gf180mcu-pdk/libraries/gf180mcu_fd_pr/latest/models/ngspice/sm141064.ngspice,nmos_3p3,pmos_3p3,off,0,0,3,SPICE_GF180MCU,ok,results/online_spice_deterministic/runs/seed_3/corner_ff/cell_balanced_random/netlists/4301021_INV.cir,results/online_spice_deterministic/runs/seed_3/corner_ff/cell_balanced_random/logs/4301021_INV.log,16,3,3,ff,cell_balanced_random,21.0,6.0,0.3815895419975277,,0.1123896016996624,0.4717817444526712,existing_online_query
4301025,INV,I_to_Z,1.1635297016674335,0.28,2.7815950241329577,1.623839586962772,65.84357019584033,23.843084336519855,110.48040962225224,ff,0.148305,0.1444909999999999,0.146398,2.16514,ngspice,ngspice-46 : Circuit level simulation program,gf180mcu-pdk/libraries/gf180mcu_fd_pr/latest/models/ngspice/sm141064.ngspice,nmos_3p3,pmos_3p3,off,0,0,3,SPICE_GF180MCU,ok,results/online_spice_deterministic/runs/seed_3/corner_ff/cell_balanced_random/netlists/4301025_INV.cir,results/online_spice_deterministic/runs/seed_3/corner_ff/cell_balanced_random/logs/4301025_INV.log,17,3,3,ff,cell_balanced_random,25.0,7.0,0.3726986669935286,,0.2489509321748681,0.2362389554429544,existing_online_query
4304017,INV,I_to_Z,2.837477032993463,0.28,2.9764659028566136,1.8741443960381856,-6.293698710685787,83.46327491184778,144.61910963126547,ff,0.159481,0.147656,0.1535685,9.59535,ngspice,ngspice-46 : Circuit level simulation program,gf180mcu-pdk/libraries/gf180mcu_fd_pr/latest/models/ngspice/sm141064.ngspice,nmos_3p3,pmos_3p3,off,0,0,3,SPICE_GF180MCU,ok,results/online_spice_deterministic/runs/seed_3/corner_ff/cell_balanced_space_filling/netlists/4304017_INV.cir,results/online_spice_deterministic/runs/seed_3/corner_ff/cell_balanced_space_filling/logs/4304017_INV.log,18,3,3,ff,cell_balanced_space_filling,17.0,5.0,0.3785053750034421,0.9768855977647164,0.1885014358491476,0.9768855977647164,existing_online_query
4304029,INV,I_to_Z,4.599184936055572,0.28,2.3079026855657507,1.6403447026528577,31.92824186315282,36.75934686791313,385.6726521010012,ff,0.123571,0.156142,0.1398565,3.98162,ngspice,ngspice-46 : Circuit level simulation program,gf180mcu-pdk/libraries/gf180mcu_fd_pr/latest/models/ngspice/sm141064.ngspice,nmos_3p3,pmos_3p3,off,0,0,3,SPICE_GF180MCU,ok,results/online_spice_deterministic/runs/seed_3/corner_ff/cell_balanced_space_filling/netlists/4304029_INV.cir,results/online_spice_deterministic/runs/seed_3/corner_ff/cell_balanced_space_filling/logs/4304029_INV.log,19,3,3,ff,cell_balanced_space_filling,29.0,8.0,0.38315083400812,0.8867373020593317,0.1100202491611803,0.8867373020593317,existing_online_query
4300046,INV,I_to_Z,4.424974774767534,0.28,2.748319931918487,1.7521027316817843,55.20557090742474,53.646324403870885,403.5516810731336,ff,0.147068,0.160515,0.1537915,6.28713,ngspice,ngspice-46 : Circuit level simulation program,gf180mcu-pdk/libraries/gf180mcu_fd_pr/latest/models/ngspice/sm141064.ngspice,nmos_3p3,pmos_3p3,off,0,0,3,SPICE_GF180MCU,ok,results/online_spice_deterministic/runs/seed_3/corner_ff/random/netlists/4300046_INV.cir,results/online_spice_deterministic/runs/seed_3/corner_ff/random/logs/4300046_INV.log,20,3,3,ff,random,46.0,12.0,0.3642992920067627,,0.0601543802422451,0.1288230952536237,existing_online_query
4300006,INV,I_to_Z,0.5180815209231122,0.28,2.0334831206301884,1.9097551853919223,27.73363352908828,20.055745507848968,128.88482050707074,ff,0.186446,0.242223,0.2143345,2.27708,ngspice,ngspice-46 : Circuit level simulation program,gf180mcu-pdk/libraries/gf180mcu_fd_pr/latest/models/ngspice/sm141064.ngspice,nmos_3p3,pmos_3p3,off,0,0,3,SPICE_GF180MCU,ok,results/online_spice_deterministic/runs/seed_3/corner_ff/random/netlists/4300006_INV.cir,results/online_spice_deterministic/runs/seed_3/corner_ff/random/logs/4300006_INV.log,21,3,3,ff,random,6.0,2.0,0.4116487080173101,,0.3645985934669627,0.3734810957882793,existing_online_query
6300022,INV,I_to_Z,3.949475213006627,0.28,1.551987698122674,1.891612043322496,53.778160758819666,46.22514457375494,368.55021731449807,ff,0.12124900000000001,0.184539,0.152894,5.90771,ngspice,ngspice-46 : Circuit level simulation program,gf180mcu-pdk/libraries/gf180mcu_fd_pr/latest/models/ngspice/sm141064.ngspice,nmos_3p3,pmos_3p3,off,0,0,3,SPICE_GF180MCU,ok,results/online_spice_deterministic/exhaustive_reference/seed_3/corner_ff/netlists/6300022_INV.cir,results/online_spice_deterministic/exhaustive_reference/seed_3/corner_ff/logs/6300022_INV.log,22,3,3,ff,exhaustive_reference_completion,,,0.5261254169745371,,,,new_completion_query
4304021,INV,I_to_Z,1.9343300935654535,0.28,2.37469979837448,1.9685399134737012,79.67614058411954,94.68381269490447,263.02296722224224,ff,0.268962,0.285844,0.277403,11.3357,ngspice,ngspice-46 : Circuit level simulation program,gf180mcu-pdk/libraries/gf180mcu_fd_pr/latest/models/ngspice/sm141064.ngspice,nmos_3p3,pmos_3p3,off,0,0,3,SPICE_GF180MCU,ok,results/online_spice_deterministic/runs/seed_3/corner_ff/cell_balanced_space_filling/netlists/4304021_INV.cir,results/online_spice_deterministic/runs/seed_3/corner_ff/cell_balanced_space_filling/logs/4304021_INV.log,23,3,3,ff,cell_balanced_space_filling,21.0,6.0,0.3744643749960232,0.9291390549579314,0.6926883337798995,0.9291390549579314,existing_online_query
4301042,NAND2,A1_A2_tied_to_Z,2.1348331911373637,0.28,1.7132799789047757,1.7328765162161774,82.9361026347583,79.35632497945059,443.546104047533,ff,0.4561,0.255098,0.355599,7.79083,ngspice,ngspice-46 : Circuit level simulation program,gf180mcu-pdk/libraries/gf180mcu_fd_pr/latest/models/ngspice/sm141064.ngspice,nmos_3p3,pmos_3p3,off,0,0,3,SPICE_GF180MCU,ok,results/online_spice_deterministic/runs/seed_3/corner_ff/cell_balanced_random/netlists/4301042_NAND2.cir,results/online_spice_deterministic/runs/seed_3/corner_ff/cell_balanced_random/logs/4301042_NAND2.log,24,3,3,ff,cell_balanced_random,42.0,11.0,0.5641682909918018,,0.2225994113026056,0.3743587477330111,existing_online_query
4304022,NAND2,A1_A2_tied_to_Z,4.058410620456058,0.28,1.944695788182469,1.698034524623815,75.62791540630943,9.592172164123996,18.511316481888187,ff,0.0842168,0.0329735,0.05859515,2.80314,ngspice,ngspice-46 : Circuit level simulation program,gf180mcu-pdk/libraries/gf180mcu_fd_pr/latest/models/ngspice/sm141064.ngspice,nmos_3p3,pmos_3p3,off,0,0,3,SPICE_GF180MCU,ok,results/online_spice_deterministic/runs/seed_3/corner_ff/cell_balanced_space_filling/netlists/4304022_NAND2.cir,results/online_spice_deterministic/runs/seed_3/corner_ff/cell_balanced_space_filling/logs/4304022_NAND2.log,25,3,3,ff,cell_balanced_space_filling,22.0,6.0,0.5591192909923848,0.927676624195526,0.08427376777888,0.927676624195526,existing_online_query
6300026,NAND2,A1_A2_tied_to_Z,3.705257986931345,0.28,2.2218182414602614,1.805051790396955,43.82552531722825,16.03410393997678,101.77778258566497,ff,0.103275,0.0521272,0.07770110000000001,3.49921,ngspice,ngspice-46 : Circuit level simulation program,gf180mcu-pdk/libraries/gf180mcu_fd_pr/latest/models/ngspice/sm141064.ngspice,nmos_3p3,pmos_3p3,off,0,0,3,SPICE_GF180MCU,ok,results/online_spice_deterministic/exhaustive_reference/seed_3/corner_ff/netlists/6300026_NAND2.cir,results/online_spice_deterministic/exhaustive_reference/seed_3/corner_ff/logs/6300026_NAND2.log,26,3,3,ff,exhaustive_reference_completion,,,0.7755559589713812,,,,new_completion_query
4301018,NAND2,A1_A2_tied_to_Z,4.662683568699654,0.28,1.6849372210344669,1.83736243644382,-5.1791782047041455,71.68037114093153,176.33015154895728,ff,0.176974,0.106816,0.141895,9.10049,ngspice,ngspice-46 : Circuit level simulation program,gf180mcu-pdk/libraries/gf180mcu_fd_pr/latest/models/ngspice/sm141064.ngspice,nmos_3p3,pmos_3p3,off,0,0,3,SPICE_GF180MCU,ok,results/online_spice_deterministic/runs/seed_3/corner_ff/cell_balanced_random/netlists/4301018_NAND2.cir,results/online_spice_deterministic/runs/seed_3/corner_ff/cell_balanced_random/logs/4301018_NAND2.log,27,3,3,ff,cell_balanced_random,18.0,5.0,0.571001916017849,,0.0359375226592582,0.8651624054286049,existing_online_query
4302041,NAND2,A1_A2_tied_to_Z,2.2956161518112466,0.28,2.2959025732195233,1.8814926543685755,60.548080644478475,93.1046267138274,155.4157045008658,ff,0.387849,0.146695,0.267272,11.0092,ngspice,ngspice-46 : Circuit level simulation program,gf180mcu-pdk/libraries/gf180mcu_fd_pr/latest/models/ngspice/sm141064.ngspice,nmos_3p3,pmos_3p3,off,0,0,3,SPICE_GF180MCU,ok,results/online_spice_deterministic/runs/seed_3/corner_ff/space_filling/netlists/4302041_NAND2.cir,results/online_spice_deterministic/runs/seed_3/corner_ff/space_filling/logs/4302041_NAND2.log,28,3,3,ff,space_filling,41.0,11.0,0.5758637920080218,1.0,0.4652630743059212,1.0,existing_online_query
4301046,NAND2,A1_A2_tied_to_Z,2.376250643629897,0.28,1.5325635367995392,1.629799512310221,36.49541518130819,86.52161945503296,305.5922634615428,ff,0.417812,0.250816,0.334314,7.43889,ngspice,ngspice-46 : Circuit level simulation program,gf180mcu-pdk/libraries/gf180mcu_fd_pr/latest/models/ngspice/sm141064.ngspice,nmos_3p3,pmos_3p3,off,0,0,3,SPICE_GF180MCU,ok,results/online_spice_deterministic/runs/seed_3/corner_ff/cell_balanced_random/netlists/4301046_NAND2.cir,results/online_spice_deterministic/runs/seed_3/corner_ff/cell_balanced_random/logs/4301046_NAND2.log,29,3,3,ff,cell_balanced_random,46.0,12.0,0.5579133749997709,,0.1359578311586329,0.441675151002646,existing_online_query
4301014,NAND2,A1_A2_tied_to_Z,1.2000975480616252,0.28,2.506257643075248,1.8216785723788749,92.32419046783916,3.3547285666713287,318.5618522629875,ff,0.147105,0.0629184,0.1050117,1.05568,ngspice,ngspice-46 : Circuit level simulation program,gf180mcu-pdk/libraries/gf180mcu_fd_pr/latest/models/ngspice/sm141064.ngspice,nmos_3p3,pmos_3p3,off,0,0,3,SPICE_GF180MCU,ok,results/online_spice_deterministic/runs/seed_3/corner_ff/cell_balanced_random/netlists/4301014_NAND2.cir,results/online_spice_deterministic/runs/seed_3/corner_ff/cell_balanced_random/logs/4301014_NAND2.log,30,3,3,ff,cell_balanced_random,14.0,4.0,0.5725098339898977,,0.0834766949124615,0.7415992349419641,existing_online_query
4301026,NAND2,A1_A2_tied_to_Z,3.430524920603416,0.28,2.4306602422564287,1.952701699837484,66.39532230585465,29.953865144265,346.0802669644622,ff,0.184196,0.087726,0.135961,5.72478,ngspice,ngspice-46 : Circuit level simulation program,gf180mcu-pdk/libraries/gf180mcu_fd_pr/latest/models/ngspice/sm141064.ngspice,nmos_3p3,pmos_3p3,off,0,0,3,SPICE_GF180MCU,ok,results/online_spice_deterministic/runs/seed_3/corner_ff/cell_balanced_random/netlists/4301026_NAND2.cir,results/online_spice_deterministic/runs/seed_3/corner_ff/cell_balanced_random/logs/4301026_NAND2.log,31,3,3,ff,cell_balanced_random,26.0,7.0,0.5521246249845717,,0.0399360716737233,0.5930570108868051,existing_online_query
4301002,NAND2,A1_A2_tied_to_Z,0.9857414364339748,0.28,2.7569754931481985,1.7998316893175437,20.128884666425137,37.67524885036605,422.8423632743882,ff,0.425742,0.191713,0.3087275,4.14122,ngspice,ngspice-46 : Circuit level simulation program,gf180mcu-pdk/libraries/gf180mcu_fd_pr/latest/models/ngspice/sm141064.ngspice,nmos_3p3,pmos_3p3,off,0,0,3,SPICE_GF180MCU,ok,results/online_spice_deterministic/runs/seed_3/corner_ff/cell_balanced_random/netlists/4301002_NAND2.cir,results/online_spice_deterministic/runs/seed_3/corner_ff/cell_balanced_random/logs/4301002_NAND2.log,32,3,3,ff,cell_balanced_random,2.0,1.0,0.550017375004245,,0.4436098162313999,0.4839499211638666,existing_online_query
4304010,NAND2,A1_A2_tied_to_Z,0.7803969600488793,0.28,2.738161400833433,1.6942842569423917,95.3213444066568,64.6867897434847,222.92241504426983,ff,0.8520690000000001,0.261181,0.556625,5.82509,ngspice,ngspice-46 : Circuit level simulation program,gf180mcu-pdk/libraries/gf180mcu_fd_pr/latest/models/ngspice/sm141064.ngspice,nmos_3p3,pmos_3p3,off,0,0,3,SPICE_GF180MCU,ok,results/online_spice_deterministic/runs/seed_3/corner_ff/cell_balanced_space_filling/netlists/4304010_NAND2.cir,results/online_spice_deterministic/runs/seed_3/corner_ff/cell_balanced_space_filling/logs/4304010_NAND2.log,33,3,3,ff,cell_balanced_space_filling,10.0,3.0,0.5528575000062119,0.9586890330623582,1.0,0.9586890330623582,existing_online_query
6300034,NAND2,A1_A2_tied_to_Z,4.106616581439455,0.28,1.852602096888174,1.9347151878103024,-16.148994470849754,38.24581938601297,197.4985215040762,ff,0.13337400000000002,0.08342530000000001,0.10839965,6.24827,ngspice,ngspice-46 : Circuit level simulation program,gf180mcu-pdk/libraries/gf180mcu_fd_pr/latest/models/ngspice/sm141064.ngspice,nmos_3p3,pmos_3p3,off,0,0,3,SPICE_GF180MCU,ok,results/online_spice_deterministic/exhaustive_reference/seed_3/corner_ff/netlists/6300034_NAND2.cir,results/online_spice_deterministic/exhaustive_reference/seed_3/corner_ff/logs/6300034_NAND2.log,34,3,3,ff,exhaustive_reference_completion,,,0.8101805829792283,,,,new_completion_query
4301030,NAND2,A1_A2_tied_to_Z,1.3858011450445469,0.28,2.886369648147543,1.8910562905052304,12.941161774699886,24.719243520866367,465.3355906589016,ff,0.273808,0.129149,0.2014785,3.54713,ngspice,ngspice-46 : Circuit level simulation program,gf180mcu-pdk/libraries/gf180mcu_fd_pr/latest/models/ngspice/sm141064.ngspice,nmos_3p3,pmos_3p3,off,0,0,3,SPICE_GF180MCU,ok,results/online_spice_deterministic/runs/seed_3/corner_ff/cell_balanced_random/netlists/4301030_NAND2.cir,results/online_spice_deterministic/runs/seed_3/corner_ff/cell_balanced_random/logs/4301030_NAND2.log,35,3,3,ff,cell_balanced_random,30.0,8.0,0.5501239169971086,,0.1463163642933306,0.0,existing_online_query
4301038,NAND2,A1_A2_tied_to_Z,4.251206639739914,0.28,2.6759639313724373,1.9353383024440245,2.9674068374624447,49.69677274634328,134.56259681355527,ff,0.150938,0.0670511,0.10899455,8.41166,ngspice,ngspice-46 : Circuit level simulation program,gf180mcu-pdk/libraries/gf180mcu_fd_pr/latest/models/ngspice/sm141064.ngspice,nmos_3p3,pmos_3p3,off,0,0,3,SPICE_GF180MCU,ok,results/online_spice_deterministic/runs/seed_3/corner_ff/cell_balanced_random/netlists/4301038_NAND2.cir,results/online_spice_deterministic/runs/seed_3/corner_ff/cell_balanced_random/logs/4301038_NAND2.log,36,3,3,ff,cell_balanced_random,38.0,10.0,0.5814761249930598,,0.0261266270282876,0.3282419951509135,existing_online_query
4303023,NAND2,A1_A2_tied_to_Z,3.251669777881685,0.28,2.3417574452614707,1.7229667964964588,72.37689146129523,97.39358803936936,414.4701424270194,ff,0.395521,0.193211,0.294366,10.0561,ngspice,ngspice-46 : Circuit level simulation program,gf180mcu-pdk/libraries/gf180mcu_fd_pr/latest/models/ngspice/sm141064.ngspice,nmos_3p3,pmos_3p3,off,0,0,3,SPICE_GF180MCU,ok,results/online_spice_deterministic/runs/seed_3/corner_ff/uncertainty/netlists/4303023_NAND2.cir,results/online_spice_deterministic/runs/seed_3/corner_ff/uncertainty/logs/4303023_NAND2.log,37,3,3,ff,uncertainty,23.0,6.0,0.557581458997447,0.8634743731571112,0.8634743731571112,0.4899244513534487,existing_online_query
4301006,NAND2,A1_A2_tied_to_Z,1.5403650552729529,0.28,2.9953074563581623,1.658913838566174,54.82155516799608,27.09369887544205,124.07766352056676,ff,0.254651,0.0864427,0.17054685,3.09187,ngspice,ngspice-46 : Circuit level simulation program,gf180mcu-pdk/libraries/gf180mcu_fd_pr/latest/models/ngspice/sm141064.ngspice,nmos_3p3,pmos_3p3,off,0,0,3,SPICE_GF180MCU,ok,results/online_spice_deterministic/runs/seed_3/corner_ff/cell_balanced_random/netlists/4301006_NAND2.cir,results/online_spice_deterministic/runs/seed_3/corner_ff/cell_balanced_random/logs/4301006_NAND2.log,38,3,3,ff,cell_balanced_random,6.0,2.0,0.5613219999941066,,0.2007160740914851,0.5281174657350831,existing_online_query
4304002,NAND2,A1_A2_tied_to_Z,0.5292427815724474,0.28,2.1128168344684615,1.9676620426414948,-13.29070247438128,82.37797252616252,269.4114750171842,ff,1.0166,0.4198469999999999,0.7182235,9.49504,ngspice,ngspice-46 : Circuit level simulation program,gf180mcu-pdk/libraries/gf180mcu_fd_pr/latest/models/ngspice/sm141064.ngspice,nmos_3p3,pmos_3p3,off,0,0,3,SPICE_GF180MCU,ok,results/online_spice_deterministic/runs/seed_3/corner_ff/cell_balanced_space_filling/netlists/4304002_NAND2.cir,results/online_spice_deterministic/runs/seed_3/corner_ff/cell_balanced_space_filling/logs/4304002_NAND2.log,39,3,3,ff,cell_balanced_space_filling,2.0,1.0,0.5499242499936372,0.8173570050762782,0.853083806840754,0.8173570050762782,existing_online_query
4304042,NAND2,A1_A2_tied_to_Z,4.958098344804682,0.28,2.457716185149447,1.7598024762453013,9.776536718257852,70.4547500748782,499.8904975308536,ff,0.261947,0.14642,0.2041835,8.91208,ngspice,ngspice-46 : Circuit level simulation program,gf180mcu-pdk/libraries/gf180mcu_fd_pr/latest/models/ngspice/sm141064.ngspice,nmos_3p3,pmos_3p3,off,0,0,3,SPICE_GF180MCU,ok,results/online_spice_deterministic/runs/seed_3/corner_ff/cell_balanced_space_filling/netlists/4304042_NAND2.cir,results/online_spice_deterministic/runs/seed_3/corner_ff/cell_balanced_space_filling/logs/4304042_NAND2.log,40,3,3,ff,cell_balanced_space_filling,42.0,11.0,0.5504027920251247,0.9468342092474856,0.0726999080221784,0.9468342092474856,existing_online_query
4304046,NAND2,A1_A2_tied_to_Z,2.630661168578294,0.28,2.832055444889131,1.6684618512738758,-2.4275239566420126,45.30174473307583,237.75104141134923,ff,0.242693,0.11449,0.1785915,5.05533,ngspice,ngspice-46 : Circuit level simulation program,gf180mcu-pdk/libraries/gf180mcu_fd_pr/latest/models/ngspice/sm141064.ngspice,nmos_3p3,pmos_3p3,off,0,0,3,SPICE_GF180MCU,ok,results/online_spice_deterministic/runs/seed_3/corner_ff/cell_balanced_space_filling/netlists/4304046_NAND2.cir,results/online_spice_deterministic/runs/seed_3/corner_ff/cell_balanced_space_filling/logs/4304046_NAND2.log,41,3,3,ff,cell_balanced_space_filling,46.0,12.0,0.5477320000063628,0.8543009076286735,0.2172215751210982,0.8543009076286735,existing_online_query
4300001,NAND2,A1_A2_tied_to_Z,1.6849047322268502,0.28,2.1683616405599815,1.8496173623017744,45.1087347617692,18.57283256835601,365.4114460830659,ff,0.206479,0.113191,0.159835,2.77022,ngspice,ngspice-46 : Circuit level simulation program,gf180mcu-pdk/libraries/gf180mcu_fd_pr/latest/models/ngspice/sm141064.ngspice,nmos_3p3,pmos_3p3,off,0,0,3,SPICE_GF180MCU,ok,results/online_spice_deterministic/runs/seed_3/corner_ff/random/netlists/4300001_NAND2.cir,results/online_spice_deterministic/runs/seed_3/corner_ff/random/logs/4300001_NAND2.log,42,3,3,ff,random,1.0,1.0,0.5510819999908563,,0.1260085968879231,0.2384682262784371,existing_online_query
4301034,NAND2,A1_A2_tied_to_Z,1.8842818207930865,0.28,1.9285961369647864,1.7829659385381706,89.65689443881418,54.23094612531288,61.44967489925701,ff,0.311224,0.12201,0.216617,6.00757,ngspice,ngspice-46 : Circuit level simulation program,gf180mcu-pdk/libraries/gf180mcu_fd_pr/latest/models/ngspice/sm141064.ngspice,nmos_3p3,pmos_3p3,off,0,0,3,SPICE_GF180MCU,ok,results/online_spice_deterministic/runs/seed_3/corner_ff/cell_balanced_random/netlists/4301034_NAND2.cir,results/online_spice_deterministic/runs/seed_3/corner_ff/cell_balanced_random/logs/4301034_NAND2.log,43,3,3,ff,cell_balanced_random,34.0,9.0,0.5579306250147056,,0.1307224822360468,0.6538863225092504,existing_online_query
4301022,NAND2,A1_A2_tied_to_Z,2.995206460291682,0.28,2.042054510632017,1.6471248074903302,55.95724950154883,58.645984694545845,394.3231814303406,ff,0.308227,0.176807,0.2425169999999999,5.84722,ngspice,ngspice-46 : Circuit level simulation program,gf180mcu-pdk/libraries/gf180mcu_fd_pr/latest/models/ngspice/sm141064.ngspice,nmos_3p3,pmos_3p3,off,0,0,3,SPICE_GF180MCU,ok,results/online_spice_deterministic/runs/seed_3/corner_ff/cell_balanced_random/netlists/4301022_NAND2.cir,results/online_spice_deterministic/runs/seed_3/corner_ff/cell_balanced_random/logs/4301022_NAND2.log,44,3,3,ff,cell_balanced_random,22.0,6.0,0.5670602080062963,,0.1226204265736837,0.578669463829506,existing_online_query
4301010,NAND2,A1_A2_tied_to_Z,2.894397762835617,0.28,2.567701393282932,1.8646571230625169,27.260170803560477,59.61769091196273,44.55066491611483,ff,0.215448,0.068839,0.1421434999999999,8.08854,ngspice,ngspice-46 : Circuit level simulation program,gf180mcu-pdk/libraries/gf180mcu_fd_pr/latest/models/ngspice/sm141064.ngspice,nmos_3p3,pmos_3p3,off,0,0,3,SPICE_GF180MCU,ok,results/online_spice_deterministic/runs/seed_3/corner_ff/cell_balanced_random/netlists/4301010_NAND2.cir,results/online_spice_deterministic/runs/seed_3/corner_ff/cell_balanced_random/logs/4301010_NAND2.log,45,3,3,ff,cell_balanced_random,10.0,3.0,0.5601620420056861,,0.1092904579239422,0.4854360200866393,existing_online_query
4304018,NAND2,A1_A2_tied_to_Z,3.532990375882129,0.28,1.616086330888147,1.7535765535343022,33.37784339756541,91.2780717740591,76.52797862192786,ff,0.257683,0.1303099999999999,0.1939965,9.67999,ngspice,ngspice-46 : Circuit level simulation program,gf180mcu-pdk/libraries/gf180mcu_fd_pr/latest/models/ngspice/sm141064.ngspice,nmos_3p3,pmos_3p3,off,0,0,3,SPICE_GF180MCU,ok,results/online_spice_deterministic/runs/seed_3/corner_ff/cell_balanced_space_filling/netlists/4304018_NAND2.cir,results/online_spice_deterministic/runs/seed_3/corner_ff/cell_balanced_space_filling/logs/4304018_NAND2.log,46,3,3,ff,cell_balanced_space_filling,18.0,5.0,0.5638440840120893,1.0,0.219238880541227,1.0,existing_online_query
4304006,NAND2,A1_A2_tied_to_Z,4.542637375712332,0.28,1.7852438976739835,1.9081915915650711,17.276248374384274,6.713971959430376,292.2671827773717,ff,0.0976194,0.0586757,0.07814755,2.92885,ngspice,ngspice-46 : Circuit level simulation program,gf180mcu-pdk/libraries/gf180mcu_fd_pr/latest/models/ngspice/sm141064.ngspice,nmos_3p3,pmos_3p3,off,0,0,3,SPICE_GF180MCU,ok,results/online_spice_deterministic/runs/seed_3/corner_ff/cell_balanced_space_filling/netlists/4304006_NAND2.cir,results/online_spice_deterministic/runs/seed_3/corner_ff/cell_balanced_space_filling/logs/4304006_NAND2.log,47,3,3,ff,cell_balanced_space_filling,6.0,2.0,0.5535045830183662,0.91704894178497,0.0330904579247719,0.91704894178497,existing_online_query
4304019,NOR2,A1_A2_tied_to_Z,1.5602853356663433,0.28,2.840205314737788,1.6256133423584822,12.512261190258783,59.89400187001394,494.7580463237019,ff,0.209508,0.533621,0.3715645,5.30631,ngspice,ngspice-46 : Circuit level simulation program,gf180mcu-pdk/libraries/gf180mcu_fd_pr/latest/models/ngspice/sm141064.ngspice,nmos_3p3,pmos_3p3,off,0,0,3,SPICE_GF180MCU,ok,results/online_spice_deterministic/runs/seed_3/corner_ff/cell_balanced_space_filling/netlists/4304019_NOR2.cir,results/online_spice_deterministic/runs/seed_3/corner_ff/cell_balanced_space_filling/logs/4304019_NOR2.log,48,3,3,ff,cell_balanced_space_filling,19.0,5.0,0.5716457920207176,0.9314730698126836,0.6035130812963839,0.9314730698126836,existing_online_query
4301011,NOR2,A1_A2_tied_to_Z,1.2126221676636202,0.28,1.903127642652864,1.7446870123195612,15.870686889007304,8.776323825452735,444.0316455007516,ff,0.0735066,0.258549,0.1660278,1.27136,ngspice,ngspice-46 : Circuit level simulation program,gf180mcu-pdk/libraries/gf180mcu_fd_pr/latest/models/ngspice/sm141064.ngspice,nmos_3p3,pmos_3p3,off,0,0,3,SPICE_GF180MCU,ok,results/online_spice_deterministic/runs/seed_3/corner_ff/cell_balanced_random/netlists/4301011_NOR2.cir,results/online_spice_deterministic/runs/seed_3/corner_ff/cell_balanced_random/logs/4301011_NOR2.log,49,3,3,ff,cell_balanced_random,11.0,3.0,0.5761684169992805,,0.1277173397653961,0.6829663001516769,existing_online_query
4301007,NOR2,A1_A2_tied_to_Z,3.4972685269288335,0.28,1.9906397809709448,1.9575199327907868,50.301117783798176,29.918088380524843,63.167454372208,ff,0.0420188,0.156053,0.0990359,5.44525,ngspice,ngspice-46 : Circuit level simulation program,gf180mcu-pdk/libraries/gf180mcu_fd_pr/latest/models/ngspice/sm141064.ngspice,nmos_3p3,pmos_3p3,off,0,0,3,SPICE_GF180MCU,ok,results/online_spice_deterministic/runs/seed_3/corner_ff/cell_balanced_random/netlists/4301007_NOR2.cir,results/online_spice_deterministic/runs/seed_3/corner_ff/cell_balanced_random/logs/4301007_NOR2.log,50,3,3,ff,cell_balanced_random,7.0,2.0,0.5698735000041779,,0.1137240783632711,0.5559730726520847,existing_online_query
4301003,NOR2,A1_A2_tied_to_Z,0.7962434828081631,0.28,2.2820581547983094,1.7961967213383585,31.41054363904551,1.802348990957896,90.14382012049768,ff,0.0347772,0.0965682,0.0656727,0.576822,ngspice,ngspice-46 : Circuit level simulation program,gf180mcu-pdk/libraries/gf180mcu_fd_pr/latest/models/ngspice/sm141064.ngspice,nmos_3p3,pmos_3p3,off,0,0,3,SPICE_GF180MCU,ok,results/online_spice_deterministic/runs/seed_3/corner_ff/cell_balanced_random/netlists/4301003_NOR2.cir,results/online_spice_deterministic/runs/seed_3/corner_ff/cell_balanced_random/logs/4301003_NOR2.log,51,3,3,ff,cell_balanced_random,3.0,1.0,0.5649608749954496,,0.2089612360770254,0.6085937002090962,existing_online_query
4300018,NOR2,A1_A2_tied_to_Z,2.057543592119174,0.28,2.654565416821469,1.7321657162802402,2.1700613440288024,16.819512696978183,261.5451732354983,ff,0.0742096,0.187756,0.1309828,2.4951,ngspice,ngspice-46 : Circuit level simulation program,gf180mcu-pdk/libraries/gf180mcu_fd_pr/latest/models/ngspice/sm141064.ngspice,nmos_3p3,pmos_3p3,off,0,0,3,SPICE_GF180MCU,ok,results/online_spice_deterministic/runs/seed_3/corner_ff/random/netlists/4300018_NOR2.cir,results/online_spice_deterministic/runs/seed_3/corner_ff/random/logs/4300018_NOR2.log,52,3,3,ff,random,18.0,5.0,0.5964409160078503,,0.1078983525058117,0.593495313859716,existing_online_query
4301047,NOR2,A1_A2_tied_to_Z,2.6121855506645235,0.28,1.758669574759839,1.7641091582064197,-5.375568512109172,34.653775855201175,40.00676485955954,ff,0.0469222,0.240731,0.1438266,4.27188,ngspice,ngspice-46 : Circuit level simulation program,gf180mcu-pdk/libraries/gf180mcu_fd_pr/latest/models/ngspice/sm141064.ngspice,nmos_3p3,pmos_3p3,off,0,0,3,SPICE_GF180MCU,ok,results/online_spice_deterministic/runs/seed_3/corner_ff/cell_balanced_random/netlists/4301047_NOR2.cir,results/online_spice_deterministic/runs/seed_3/corner_ff/cell_balanced_random/logs/4301047_NOR2.log,53,3,3,ff,cell_balanced_random,47.0,12.0,0.5650335419923067,,0.1269087302718243,0.5739121994749987,existing_online_query
4300038,NOR2,A1_A2_tied_to_Z,3.050274292914939,0.28,2.782550122487918,1.8030944778422129,25.693308732008163,91.68165379801864,130.97524080794278,ff,0.105091,0.320774,0.2129325,10.5466,ngspice,ngspice-46 : Circuit level simulation program,gf180mcu-pdk/libraries/gf180mcu_fd_pr/latest/models/ngspice/sm141064.ngspice,nmos_3p3,pmos_3p3,off,0,0,3,SPICE_GF180MCU,ok,results/online_spice_deterministic/runs/seed_3/corner_ff/random/netlists/4300038_NOR2.cir,results/online_spice_deterministic/runs/seed_3/corner_ff/random/logs/4300038_NOR2.log,54,3,3,ff,random,38.0,10.0,0.6239828329999,,0.1260081049005823,0.2282646252426025,existing_online_query
4301039,NOR2,A1_A2_tied_to_Z,2.382515044189441,0.28,2.5974388645923985,1.651561753210188,24.448787729252132,99.61485984292784,169.04464841811267,ff,0.147235,0.509169,0.328202,9.02545,ngspice,ngspice-46 : Circuit level simulation program,gf180mcu-pdk/libraries/gf180mcu_fd_pr/latest/models/ngspice/sm141064.ngspice,nmos_3p3,pmos_3p3,off,0,0,3,SPICE_GF180MCU,ok,results/online_spice_deterministic/runs/seed_3/corner_ff/cell_balanced_random/netlists/4301039_NOR2.cir,results/online_spice_deterministic/runs/seed_3/corner_ff/cell_balanced_random/logs/4301039_NOR2.log,55,3,3,ff,cell_balanced_random,39.0,10.0,0.5771046250010841,,0.2519253656489603,0.5122363675859449,existing_online_query
4300033,NOR2,A1_A2_tied_to_Z,2.2099605533926487,0.28,2.140726059256832,1.8249186154514936,74.92220072831377,28.381899143864565,254.3113430154631,ff,0.0845566,0.2537979999999999,0.1691773,3.907,ngspice,ngspice-46 : Circuit level simulation program,gf180mcu-pdk/libraries/gf180mcu_fd_pr/latest/models/ngspice/sm141064.ngspice,nmos_3p3,pmos_3p3,off,0,0,3,SPICE_GF180MCU,ok,results/online_spice_deterministic/runs/seed_3/corner_ff/random/netlists/4300033_NOR2.cir,results/online_spice_deterministic/runs/seed_3/corner_ff/random/logs/4300033_NOR2.log,56,3,3,ff,random,33.0,9.0,0.6095750000094995,,0.1198603049344453,0.1944310865878074,existing_online_query
4301015,NOR2,A1_A2_tied_to_Z,3.6853379519961234,0.28,2.428451245289222,1.941962726918104,79.3669956574831,80.34547731920388,317.5087021159636,ff,0.112409,0.31231,0.2123594999999999,11.249,ngspice,ngspice-46 : Circuit level simulation program,gf180mcu-pdk/libraries/gf180mcu_fd_pr/latest/models/ngspice/sm141064.ngspice,nmos_3p3,pmos_3p3,off,0,0,3,SPICE_GF180MCU,ok,results/online_spice_deterministic/runs/seed_3/corner_ff/cell_balanced_random/netlists/4301015_NOR2.cir,results/online_spice_deterministic/runs/seed_3/corner_ff/cell_balanced_random/logs/4301015_NOR2.log,57,3,3,ff,cell_balanced_random,15.0,4.0,0.5752382920181844,,0.1542052742535378,0.3574937328001477,existing_online_query
4301019,NOR2,A1_A2_tied_to_Z,0.5268650231276719,0.28,1.539663303403841,1.6449128964382502,67.77828972987251,18.453698942021944,402.20620516424015,ff,0.174638,0.78044,0.4775390000000001,1.62196,ngspice,ngspice-46 : Circuit level simulation program,gf180mcu-pdk/libraries/gf180mcu_fd_pr/latest/models/ngspice/sm141064.ngspice,nmos_3p3,pmos_3p3,off,0,0,3,SPICE_GF180MCU,ok,results/online_spice_deterministic/runs/seed_3/corner_ff/cell_balanced_random/netlists/4301019_NOR2.cir,results/online_spice_deterministic/runs/seed_3/corner_ff/cell_balanced_random/logs/4301019_NOR2.log,58,3,3,ff,cell_balanced_random,19.0,5.0,0.5832021250098478,,0.2660914546475398,0.4843563610513544,existing_online_query
4304027,NOR2,A1_A2_tied_to_Z,0.9619790743513732,0.28,2.0255819993915805,1.8406112729222008,56.81215568247414,66.4844997509692,234.10133140592757,ff,0.205245,0.8704409999999999,0.537843,6.99525,ngspice,ngspice-46 : Circuit level simulation program,gf180mcu-pdk/libraries/gf180mcu_fd_pr/latest/models/ngspice/sm141064.ngspice,nmos_3p3,pmos_3p3,off,0,0,3,SPICE_GF180MCU,ok,results/online_spice_deterministic/runs/seed_3/corner_ff/cell_balanced_space_filling/netlists/4304027_NOR2.cir,results/online_spice_deterministic/runs/seed_3/corner_ff/cell_balanced_space_filling/logs/4304027_NOR2.log,59,3,3,ff,cell_balanced_space_filling,27.0,7.0,0.5626882910146378,0.9028205283030084,0.9304923304507108,0.9028205283030084,existing_online_query
4303010,NOR2,A1_A2_tied_to_Z,1.929005793049492,0.28,1.8634318409424775,1.889261816489645,93.36195038034283,76.92249886487392,286.65576648189005,ff,0.153744,0.5969939999999999,0.375369,8.95579,ngspice,ngspice-46 : Circuit level simulation program,gf180mcu-pdk/libraries/gf180mcu_fd_pr/latest/models/ngspice/sm141064.ngspice,nmos_3p3,pmos_3p3,off,0,0,3,SPICE_GF180MCU,ok,results/online_spice_deterministic/runs/seed_3/corner_ff/uncertainty/netlists/4303010_NOR2.cir,results/online_spice_deterministic/runs/seed_3/corner_ff/uncertainty/logs/4303010_NOR2.log,60,3,3,ff,uncertainty,10.0,3.0,0.6282869589922484,0.8936206213630958,0.8936206213630958,0.0845702469831388,existing_online_query
4304007,NOR2,A1_A2_tied_to_Z,4.179500634723636,0.28,2.2292243720620197,1.928033744066575,86.04416176944035,11.245978827995216,146.44785345405438,ff,0.0384636999999999,0.111196,0.07482985,3.73909,ngspice,ngspice-46 : Circuit level simulation program,gf180mcu-pdk/libraries/gf180mcu_fd_pr/latest/models/ngspice/sm141064.ngspice,nmos_3p3,pmos_3p3,off,0,0,3,SPICE_GF180MCU,ok,results/online_spice_deterministic/runs/seed_3/corner_ff/cell_balanced_space_filling/netlists/4304007_NOR2.cir,results/online_spice_deterministic/runs/seed_3/corner_ff/cell_balanced_space_filling/logs/4304007_NOR2.log,61,3,3,ff,cell_balanced_space_filling,7.0,2.0,0.5616167910047807,0.9930782011796015,0.054476016703344,0.9930782011796015,existing_online_query
6300062,NOR2,A1_A2_tied_to_Z,4.879170048423583,0.28,2.44066161577793,1.862929295927596,84.39314161500744,57.02839958787773,187.91510913673096,ff,0.0744846,0.204577,0.1395308,8.73662,ngspice,ngspice-46 : Circuit level simulation program,gf180mcu-pdk/libraries/gf180mcu_fd_pr/latest/models/ngspice/sm141064.ngspice,nmos_3p3,pmos_3p3,off,0,0,3,SPICE_GF180MCU,ok,results/online_spice_deterministic/exhaustive_reference/seed_3/corner_ff/netlists/6300062_NOR2.cir,results/online_spice_deterministic/exhaustive_reference/seed_3/corner_ff/logs/6300062_NOR2.log,62,3,3,ff,exhaustive_reference_completion,,,0.8060470409691334,,,,new_completion_query
4301031,NOR2,A1_A2_tied_to_Z,1.6283591970908573,0.28,2.904925474138217,1.775560043830691,-12.409431488186566,52.93776143636682,102.08834629529233,ff,0.102293,0.315409,0.2088509999999999,5.81476,ngspice,ngspice-46 : Circuit level simulation program,gf180mcu-pdk/libraries/gf180mcu_fd_pr/latest/models/ngspice/sm141064.ngspice,nmos_3p3,pmos_3p3,off,0,0,3,SPICE_GF180MCU,ok,results/online_spice_deterministic/runs/seed_3/corner_ff/cell_balanced_random/netlists/4301031_NOR2.cir,results/online_spice_deterministic/runs/seed_3/corner_ff/cell_balanced_random/logs/4301031_NOR2.log,63,3,3,ff,cell_balanced_random,31.0,8.0,0.57635729102185,,0.2238091591076723,0.6579564137569136,existing_online_query
4304015,NOR2,A1_A2_tied_to_Z,4.795170786528286,0.28,1.7019039054744665,1.670098035459901,99.9989033558521,68.4552832380645,212.87365474872945,ff,0.0904529,0.346225,0.21833895,7.39224,ngspice,ngspice-46 : Circuit level simulation program,gf180mcu-pdk/libraries/gf180mcu_fd_pr/latest/models/ngspice/sm141064.ngspice,nmos_3p3,pmos_3p3,off,0,0,3,SPICE_GF180MCU,ok,results/online_spice_deterministic/runs/seed_3/corner_ff/cell_balanced_space_filling/netlists/4304015_NOR2.cir,results/online_spice_deterministic/runs/seed_3/corner_ff/cell_balanced_space_filling/logs/4304015_NOR2.log,64,3,3,ff,cell_balanced_space_filling,15.0,4.0,0.6003547500004061,1.0,0.1728777577457312,1.0,existing_online_query
4301043,NOR2,A1_A2_tied_to_Z,4.031170125097999,0.28,1.675087623374644,1.7229581454213698,39.35567753781171,73.1445799535065,469.4467511121461,ff,0.122421,0.441795,0.282108,7.82124,ngspice,ngspice-46 : Circuit level simulation program,gf180mcu-pdk/libraries/gf180mcu_fd_pr/latest/models/ngspice/sm141064.ngspice,nmos_3p3,pmos_3p3,off,0,0,3,SPICE_GF180MCU,ok,results/online_spice_deterministic/runs/seed_3/corner_ff/cell_balanced_random/netlists/4301043_NOR2.cir,results/online_spice_deterministic/runs/seed_3/corner_ff/cell_balanced_random/logs/4301043_NOR2.log,65,3,3,ff,cell_balanced_random,43.0,11.0,0.577640750008868,,0.1151712978621276,0.6324527495563153,existing_online_query
4304039,NOR2,A1_A2_tied_to_Z,1.4284317354991665,0.28,2.368564757298355,1.907229077169459,-3.372683781293535,39.203243476445785,309.07940191175874,ff,0.122235,0.347009,0.2346219999999999,4.95357,ngspice,ngspice-46 : Circuit level simulation program,gf180mcu-pdk/libraries/gf180mcu_fd_pr/latest/models/ngspice/sm141064.ngspice,nmos_3p3,pmos_3p3,off,0,0,3,SPICE_GF180MCU,ok,results/online_spice_deterministic/runs/seed_3/corner_ff/cell_balanced_space_filling/netlists/4304039_NOR2.cir,results/online_spice_deterministic/runs/seed_3/corner_ff/cell_balanced_space_filling/logs/4304039_NOR2.log,66,3,3,ff,cell_balanced_space_filling,39.0,10.0,0.567359792010393,0.9094857426434244,0.5629797689271437,0.9094857426434244,existing_online_query
4300037,NOR2,A1_A2_tied_to_Z,3.1828769135113797,0.28,2.9413277115265144,1.6974428192335065,40.1392335077831,43.79992267825188,360.94636492079434,ff,0.108428,0.260159,0.1842935,5.38299,ngspice,ngspice-46 : Circuit level simulation program,gf180mcu-pdk/libraries/gf180mcu_fd_pr/latest/models/ngspice/sm141064.ngspice,nmos_3p3,pmos_3p3,off,0,0,3,SPICE_GF180MCU,ok,results/online_spice_deterministic/runs/seed_3/corner_ff/random/netlists/4300037_NOR2.cir,results/online_spice_deterministic/runs/seed_3/corner_ff/random/logs/4300037_NOR2.log,67,3,3,ff,random,37.0,10.0,0.626597791997483,,0.095647046709057,0.4283231901958843,existing_online_query
4301035,NOR2,A1_A2_tied_to_Z,4.593453553698366,0.28,1.5830641835700543,1.9746566590958397,46.66130878731248,48.54730305021293,342.0749687707761,ff,0.0663703,0.268965,0.16766765,7.82821,ngspice,ngspice-46 : Circuit level simulation program,gf180mcu-pdk/libraries/gf180mcu_fd_pr/latest/models/ngspice/sm141064.ngspice,nmos_3p3,pmos_3p3,off,0,0,3,SPICE_GF180MCU,ok,results/online_spice_deterministic/runs/seed_3/corner_ff/cell_balanced_random/netlists/4301035_NOR2.cir,results/online_spice_deterministic/runs/seed_3/corner_ff/cell_balanced_random/logs/4301035_NOR2.log,68,3,3,ff,cell_balanced_random,35.0,9.0,0.5713992090022657,,0.0526582725694986,0.7399924774669573,existing_online_query
4302031,NOR2,A1_A2_tied_to_Z,4.2669654914957595,0.28,2.112646778593653,1.9001885713779791,7.597511238897209,87.43590039616355,388.1438734757467,ff,0.109858,0.3362889999999999,0.2230734999999999,11.4446,ngspice,ngspice-46 : Circuit level simulation program,gf180mcu-pdk/libraries/gf180mcu_fd_pr/latest/models/ngspice/sm141064.ngspice,nmos_3p3,pmos_3p3,off,0,0,3,SPICE_GF180MCU,ok,results/online_spice_deterministic/runs/seed_3/corner_ff/space_filling/netlists/4302031_NOR2.cir,results/online_spice_deterministic/runs/seed_3/corner_ff/space_filling/logs/4302031_NOR2.log,69,3,3,ff,space_filling,31.0,8.0,0.6129997500102036,0.9683365083491068,0.1562879058466243,0.9683365083491068,existing_online_query
4301023,NOR2,A1_A2_tied_to_Z,3.770174384172134,0.28,2.7005009191050076,1.6818568864771115,-17.052258572614072,95.87207233682258,431.19459500664715,ff,0.151243,0.386128,0.2686855,9.61686,ngspice,ngspice-46 : Circuit level simulation program,gf180mcu-pdk/libraries/gf180mcu_fd_pr/latest/models/ngspice/sm141064.ngspice,nmos_3p3,pmos_3p3,off,0,0,3,SPICE_GF180MCU,ok,results/online_spice_deterministic/runs/seed_3/corner_ff/cell_balanced_random/netlists/4301023_NOR2.cir,results/online_spice_deterministic/runs/seed_3/corner_ff/cell_balanced_random/logs/4301023_NOR2.log,70,3,3,ff,cell_balanced_random,23.0,6.0,0.5698597499867901,,0.2192027348880084,0.4835034572020891,existing_online_query
4301027,NOR2,A1_A2_tied_to_Z,2.802414763162873,0.28,2.546080670784735,1.8450739648274463,64.94996134168358,24.281296489954865,26.512220803245754,ff,0.0405913,0.141252,0.0909216499999999,4.29886,ngspice,ngspice-46 : Circuit level simulation program,gf180mcu-pdk/libraries/gf180mcu_fd_pr/latest/models/ngspice/sm141064.ngspice,nmos_3p3,pmos_3p3,off,0,0,3,SPICE_GF180MCU,ok,results/online_spice_deterministic/runs/seed_3/corner_ff/cell_balanced_random/netlists/4301027_NOR2.cir,results/online_spice_deterministic/runs/seed_3/corner_ff/cell_balanced_random/logs/4301027_NOR2.log,71,3,3,ff,cell_balanced_random,27.0,7.0,0.5618575419939589,,0.0798402947101455,0.3605801445369448,existing_online_query
4301040,XOR2,A1_to_Z_A2_held_1,4.094831531918469,0.28,2.468283666551715,1.8606411860853325,56.152137243117224,60.61736736507873,98.25874599212356,ff,0.182849,0.188657,0.185753,11.6647,ngspice,ngspice-46 : Circuit level simulation program,gf180mcu-pdk/libraries/gf180mcu_fd_pr/latest/models/ngspice/sm141064.ngspice,nmos_3p3,pmos_3p3,off,0,0,3,SPICE_GF180MCU,ok,results/online_spice_deterministic/runs/seed_3/corner_ff/cell_balanced_random/netlists/4301040_XOR2.cir,results/online_spice_deterministic/runs/seed_3/corner_ff/cell_balanced_random/logs/4301040_XOR2.log,72,3,3,ff,cell_balanced_random,40.0,10.0,0.908163499989314,,0.0453883229166225,0.4990272290594276,existing_online_query
4302036,XOR2,A1_to_Z_A2_held_1,0.9943203552379504,0.28,1.600875393733305,1.94593110510823,72.47958280442862,8.101602319908247,161.82686730073382,ff,0.138227,0.189712,0.1639695,2.0327,ngspice,ngspice-46 : Circuit level simulation program,gf180mcu-pdk/libraries/gf180mcu_fd_pr/latest/models/ngspice/sm141064.ngspice,nmos_3p3,pmos_3p3,off,0,0,3,SPICE_GF180MCU,ok,results/online_spice_deterministic/runs/seed_3/corner_ff/space_filling/netlists/4302036_XOR2.cir,results/online_spice_deterministic/runs/seed_3/corner_ff/space_filling/logs/4302036_XOR2.log,73,3,3,ff,space_filling,36.0,9.0,0.9291587920160964,0.9527438580065618,0.2920276615029881,0.9527438580065618,existing_online_query
4301016,XOR2,A1_to_Z_A2_held_1,1.8377877047683548,0.28,2.83057352739516,1.7390951677675948,97.44940914903282,13.62823428117129,150.18122204464711,ff,0.1824819999999999,0.170283,0.1763825,3.65753,ngspice,ngspice-46 : Circuit level simulation program,gf180mcu-pdk/libraries/gf180mcu_fd_pr/latest/models/ngspice/sm141064.ngspice,nmos_3p3,pmos_3p3,off,0,0,3,SPICE_GF180MCU,ok,results/online_spice_deterministic/runs/seed_3/corner_ff/cell_balanced_random/netlists/4301016_XOR2.cir,results/online_spice_deterministic/runs/seed_3/corner_ff/cell_balanced_random/logs/4301016_XOR2.log,74,3,3,ff,cell_balanced_random,16.0,4.0,0.9127547919924835,,0.1098064547826727,0.5087155096549999,existing_online_query
4301020,XOR2,A1_to_Z_A2_held_1,2.5944103371175418,0.28,1.79088734112073,1.8203287880000671,83.73547966057286,79.48740169311687,455.2988810627118,ff,0.336537,0.436287,0.386412,10.4766,ngspice,ngspice-46 : Circuit level simulation program,gf180mcu-pdk/libraries/gf180mcu_fd_pr/latest/models/ngspice/sm141064.ngspice,nmos_3p3,pmos_3p3,off,0,0,3,SPICE_GF180MCU,ok,results/online_spice_deterministic/runs/seed_3/corner_ff/cell_balanced_random/netlists/4301020_XOR2.cir,results/online_spice_deterministic/runs/seed_3/corner_ff/cell_balanced_random/logs/4301020_XOR2.log,75,3,3,ff,cell_balanced_random,20.0,5.0,0.9101558339898476,,0.2250163687857873,0.274023271007265,existing_online_query
4303034,XOR2,A1_to_Z_A2_held_1,0.7995067084060309,0.28,2.0188128068210833,1.6763882819731308,69.68997822956132,20.937814524740062,415.2422039069954,ff,0.332355,0.410799,0.371577,2.47769,ngspice,ngspice-46 : Circuit level simulation program,gf180mcu-pdk/libraries/gf180mcu_fd_pr/latest/models/ngspice/sm141064.ngspice,nmos_3p3,pmos_3p3,off,0,0,3,SPICE_GF180MCU,ok,results/online_spice_deterministic/runs/seed_3/corner_ff/uncertainty/netlists/4303034_XOR2.cir,results/online_spice_deterministic/runs/seed_3/corner_ff/uncertainty/logs/4303034_XOR2.log,76,3,3,ff,uncertainty,34.0,9.0,0.9298497079871596,0.9754223071934396,0.9754223071934396,0.2981698981459261,existing_online_query
4301012,XOR2,A1_to_Z_A2_held_1,3.808185578641984,0.28,2.268080768773552,1.6254029798742158,18.447394177414765,72.91045304822158,43.65616522614607,ff,0.21256,0.2495089999999999,0.2310344999999999,9.20741,ngspice,ngspice-46 : Circuit level simulation program,gf180mcu-pdk/libraries/gf180mcu_fd_pr/latest/models/ngspice/sm141064.ngspice,nmos_3p3,pmos_3p3,off,0,0,3,SPICE_GF180MCU,ok,results/online_spice_deterministic/runs/seed_3/corner_ff/cell_balanced_random/netlists/4301012_XOR2.cir,results/online_spice_deterministic/runs/seed_3/corner_ff/cell_balanced_random/logs/4301012_XOR2.log,77,3,3,ff,cell_balanced_random,12.0,3.0,0.8949586249946151,,0.1399799146559482,0.4364820026743732,existing_online_query
4300002,XOR2,A1_to_Z_A2_held_1,3.02060674418998,0.28,1.5389746431499942,1.7686788213656908,-15.83916333080977,46.32966047885178,216.257368956701,ff,0.181882,0.273748,0.227815,6.80691,ngspice,ngspice-46 : Circuit level simulation program,gf180mcu-pdk/libraries/gf180mcu_fd_pr/latest/models/ngspice/sm141064.ngspice,nmos_3p3,pmos_3p3,off,0,0,3,SPICE_GF180MCU,ok,results/online_spice_deterministic/runs/seed_3/corner_ff/random/netlists/4300002_XOR2.cir,results/online_spice_deterministic/runs/seed_3/corner_ff/random/logs/4300002_XOR2.log,78,3,3,ff,random,2.0,1.0,0.8876066249795258,,0.102955117566386,0.5241725413006202,existing_online_query
4303038,XOR2,A1_to_Z_A2_held_1,2.384704096045714,0.28,2.571125594876518,1.705931861988626,4.392031848495208,49.42342612091304,385.0080898047027,ff,0.2793449999999999,0.305243,0.2922939999999999,6.84862,ngspice,ngspice-46 : Circuit level simulation program,gf180mcu-pdk/libraries/gf180mcu_fd_pr/latest/models/ngspice/sm141064.ngspice,nmos_3p3,pmos_3p3,off,0,0,3,SPICE_GF180MCU,ok,results/online_spice_deterministic/runs/seed_3/corner_ff/uncertainty/netlists/4303038_XOR2.cir,results/online_spice_deterministic/runs/seed_3/corner_ff/uncertainty/logs/4303038_XOR2.log,79,3,3,ff,uncertainty,38.0,10.0,0.9893707919982262,0.8978730899642579,0.8978730899642579,0.3275453641199286,existing_online_query
4303030,XOR2,A1_to_Z_A2_held_1,2.0812869508767715,0.28,2.550021336881086,1.8025655760892312,46.224681259514014,67.17131982917053,266.82990088839136,ff,0.315013,0.330382,0.3226975,8.99969,ngspice,ngspice-46 : Circuit level simulation program,gf180mcu-pdk/libraries/gf180mcu_fd_pr/latest/models/ngspice/sm141064.ngspice,nmos_3p3,pmos_3p3,off,0,0,3,SPICE_GF180MCU,ok,results/online_spice_deterministic/runs/seed_3/corner_ff/uncertainty/netlists/4303030_XOR2.cir,results/online_spice_deterministic/runs/seed_3/corner_ff/uncertainty/logs/4303030_XOR2.log,80,3,3,ff,uncertainty,30.0,8.0,0.9201109169807752,0.8421867254377707,0.8421867254377707,0.1549018870175907,existing_online_query
4301028,XOR2,A1_to_Z_A2_held_1,1.1222582204779323,0.28,2.4273778898954426,1.934821146880774,28.00735073162236,64.34503525369686,275.770885842748,ff,0.4092159999999999,0.43949,0.424353,8.54862,ngspice,ngspice-46 : Circuit level simulation program,gf180mcu-pdk/libraries/gf180mcu_fd_pr/latest/models/ngspice/sm141064.ngspice,nmos_3p3,pmos_3p3,off,0,0,3,SPICE_GF180MCU,ok,results/online_spice_deterministic/runs/seed_3/corner_ff/cell_balanced_random/netlists/4301028_XOR2.cir,results/online_spice_deterministic/runs/seed_3/corner_ff/cell_balanced_random/logs/4301028_XOR2.log,81,3,3,ff,cell_balanced_random,28.0,7.0,0.8774582500045653,,0.6475608788733538,0.6640988106540965,existing_online_query
4304028,XOR2,A1_to_Z_A2_held_1,2.262304817716804,0.28,2.9182767179825406,1.7428925430304143,37.892903716488355,26.77974534731548,200.57628205342343,ff,0.205167,0.197432,0.2012995,5.3486,ngspice,ngspice-46 : Circuit level simulation program,gf180mcu-pdk/libraries/gf180mcu_fd_pr/latest/models/ngspice/sm141064.ngspice,nmos_3p3,pmos_3p3,off,0,0,3,SPICE_GF180MCU,ok,results/online_spice_deterministic/runs/seed_3/corner_ff/cell_balanced_space_filling/netlists/4304028_XOR2.cir,results/online_spice_deterministic/runs/seed_3/corner_ff/cell_balanced_space_filling/logs/4304028_XOR2.log,82,3,3,ff,cell_balanced_space_filling,28.0,7.0,0.8856674160051625,0.9807872207775846,0.3155703212293369,0.9807872207775846,existing_online_query
4303042,XOR2,A1_to_Z_A2_held_1,3.3731633131966694,0.28,1.9138119331805064,1.6460499546108165,-7.457919975382328,31.615827879770432,177.93094888857718,ff,0.165745,0.219773,0.192759,5.37025,ngspice,ngspice-46 : Circuit level simulation program,gf180mcu-pdk/libraries/gf180mcu_fd_pr/latest/models/ngspice/sm141064.ngspice,nmos_3p3,pmos_3p3,off,0,0,3,SPICE_GF180MCU,ok,results/online_spice_deterministic/runs/seed_3/corner_ff/uncertainty/netlists/4303042_XOR2.cir,results/online_spice_deterministic/runs/seed_3/corner_ff/uncertainty/logs/4303042_XOR2.log,83,3,3,ff,uncertainty,42.0,11.0,0.9030031250149476,0.747902738576112,0.747902738576112,0.6041460798169785,existing_online_query
4301036,XOR2,A1_to_Z_A2_held_1,2.856378285243077,0.28,2.6778461644707994,1.6630510951542634,22.0239008897671,40.327751144857686,304.6246487187795,ff,0.2407149999999999,0.254422,0.2475685,6.40914,ngspice,ngspice-46 : Circuit level simulation program,gf180mcu-pdk/libraries/gf180mcu_fd_pr/latest/models/ngspice/sm141064.ngspice,nmos_3p3,pmos_3p3,off,0,0,3,SPICE_GF180MCU,ok,results/online_spice_deterministic/runs/seed_3/corner_ff/cell_balanced_random/netlists/4301036_XOR2.cir,results/online_spice_deterministic/runs/seed_3/corner_ff/cell_balanced_random/logs/4301036_XOR2.log,84,3,3,ff,cell_balanced_random,36.0,9.0,0.8909793749917299,,0.0997631139960147,0.5801388350746794,existing_online_query
4301008,XOR2,A1_to_Z_A2_held_1,4.288436044455958,0.28,2.3645628965113312,1.9091978556119849,76.84086770746629,79.29006177255673,461.1766408554912,ff,0.26496,0.289648,0.277304,14.7356,ngspice,ngspice-46 : Circuit level simulation program,gf180mcu-pdk/libraries/gf180mcu_fd_pr/latest/models/ngspice/sm141064.ngspice,nmos_3p3,pmos_3p3,off,0,0,3,SPICE_GF180MCU,ok,results/online_spice_deterministic/runs/seed_3/corner_ff/cell_balanced_random/netlists/4301008_XOR2.cir,results/online_spice_deterministic/runs/seed_3/corner_ff/cell_balanced_random/logs/4301008_XOR2.log,85,3,3,ff,cell_balanced_random,8.0,2.0,0.9003511249902658,,0.2942188977261127,0.4254698524349323,existing_online_query
4301004,XOR2,A1_to_Z_A2_held_1,3.879917681126611,0.28,1.8130898942799267,1.7122565548105988,87.94186175882888,96.6830937336196,369.9128731766653,ff,0.308473,0.399777,0.354125,11.9403,ngspice,ngspice-46 : Circuit level simulation program,gf180mcu-pdk/libraries/gf180mcu_fd_pr/latest/models/ngspice/sm141064.ngspice,nmos_3p3,pmos_3p3,off,0,0,3,SPICE_GF180MCU,ok,results/online_spice_deterministic/runs/seed_3/corner_ff/cell_balanced_random/netlists/4301004_XOR2.cir,results/online_spice_deterministic/runs/seed_3/corner_ff/cell_balanced_random/logs/4301004_XOR2.log,86,3,3,ff,cell_balanced_random,4.0,1.0,0.891663124988554,,0.2683581783074794,0.7003054149452651,existing_online_query
4304008,XOR2,A1_to_Z_A2_held_1,3.13652734789199,0.28,2.962595892623312,1.904752068690321,-11.681231000589772,2.344131224796608,53.19986311906655,ff,0.0965915,0.0839639,0.0902777,5.20436,ngspice,ngspice-46 : Circuit level simulation program,gf180mcu-pdk/libraries/gf180mcu_fd_pr/latest/models/ngspice/sm141064.ngspice,nmos_3p3,pmos_3p3,off,0,0,3,SPICE_GF180MCU,ok,results/online_spice_deterministic/runs/seed_3/corner_ff/cell_balanced_space_filling/netlists/4304008_XOR2.cir,results/online_spice_deterministic/runs/seed_3/corner_ff/cell_balanced_space_filling/logs/4304008_XOR2.log,87,3,3,ff,cell_balanced_space_filling,8.0,2.0,0.8835733750020154,1.0,0.0635141421717212,1.0,existing_online_query
6300088,XOR2,A1_to_Z_A2_held_1,1.772919015337318,0.28,2.78206189849202,1.8770136468854803,11.755813004667502,9.910934615321196,113.86557795968668,ff,0.134085,0.12811,0.13109750000000003,3.62292,ngspice,ngspice-46 : Circuit level simulation program,gf180mcu-pdk/libraries/gf180mcu_fd_pr/latest/models/ngspice/sm141064.ngspice,nmos_3p3,pmos_3p3,off,0,0,3,SPICE_GF180MCU,ok,results/online_spice_deterministic/exhaustive_reference/seed_3/corner_ff/netlists/6300088_XOR2.cir,results/online_spice_deterministic/exhaustive_reference/seed_3/corner_ff/logs/6300088_XOR2.log,88,3,3,ff,exhaustive_reference_completion,,,1.0958385419799015,,,,new_completion_query
4301024,XOR2,A1_to_Z_A2_held_1,4.859771794600124,0.28,1.9766397702093217,1.7737929942678443,52.17446092394006,37.308482121283355,434.4278092267827,ff,0.200092,0.250164,0.225128,8.6978,ngspice,ngspice-46 : Circuit level simulation program,gf180mcu-pdk/libraries/gf180mcu_fd_pr/latest/models/ngspice/sm141064.ngspice,nmos_3p3,pmos_3p3,off,0,0,3,SPICE_GF180MCU,ok,results/online_spice_deterministic/runs/seed_3/corner_ff/cell_balanced_random/netlists/4301024_XOR2.cir,results/online_spice_deterministic/runs/seed_3/corner_ff/cell_balanced_random/logs/4301024_XOR2.log,89,3,3,ff,cell_balanced_random,24.0,6.0,0.8986176250036806,,0.0616455309731613,0.6024727044135428,existing_online_query
4304004,XOR2,A1_to_Z_A2_held_1,1.2572650037818829,0.28,1.7230275432999929,1.956691533716835,90.22974463363094,92.90885201974798,479.7328138444419,ff,0.5614950000000001,0.7348180000000001,0.6481565000000001,11.8353,ngspice,ngspice-46 : Circuit level simulation program,gf180mcu-pdk/libraries/gf180mcu_fd_pr/latest/models/ngspice/sm141064.ngspice,nmos_3p3,pmos_3p3,off,0,0,3,SPICE_GF180MCU,ok,results/online_spice_deterministic/runs/seed_3/corner_ff/cell_balanced_space_filling/netlists/4304004_XOR2.cir,results/online_spice_deterministic/runs/seed_3/corner_ff/cell_balanced_space_filling/logs/4304004_XOR2.log,90,3,3,ff,cell_balanced_space_filling,4.0,1.0,0.8658920000016224,1.0,0.6294630289371332,1.0,existing_online_query
4301044,XOR2,A1_to_Z_A2_held_1,4.76454330767282,0.28,2.0812683131560035,1.8300818719696013,-2.446058135388661,88.85379195348868,335.9473962257651,ff,0.226713,0.277362,0.2520375,14.0333,ngspice,ngspice-46 : Circuit level simulation program,gf180mcu-pdk/libraries/gf180mcu_fd_pr/latest/models/ngspice/sm141064.ngspice,nmos_3p3,pmos_3p3,off,0,0,3,SPICE_GF180MCU,ok,results/online_spice_deterministic/runs/seed_3/corner_ff/cell_balanced_random/netlists/4301044_XOR2.cir,results/online_spice_deterministic/runs/seed_3/corner_ff/cell_balanced_random/logs/4301044_XOR2.log,91,3,3,ff,cell_balanced_random,44.0,11.0,0.9000050419999752,,0.092966127478387,0.6116304024664458,existing_online_query
4301048,XOR2,A1_to_Z_A2_held_1,0.6683326017270089,0.28,2.1837411636015287,1.8562745926606397,61.95200627716443,22.76040951390864,26.59837623521306,ff,0.269567,0.310851,0.2902089999999999,3.09856,ngspice,ngspice-46 : Circuit level simulation program,gf180mcu-pdk/libraries/gf180mcu_fd_pr/latest/models/ngspice/sm141064.ngspice,nmos_3p3,pmos_3p3,off,0,0,3,SPICE_GF180MCU,ok,results/online_spice_deterministic/runs/seed_3/corner_ff/cell_balanced_random/netlists/4301048_XOR2.cir,results/online_spice_deterministic/runs/seed_3/corner_ff/cell_balanced_random/logs/4301048_XOR2.log,92,3,3,ff,cell_balanced_random,48.0,12.0,0.8973152920079883,,0.4045976700759896,0.5308649152812622,existing_online_query
4304048,XOR2,A1_to_Z_A2_held_1,1.5337162326435192,0.28,2.704603533733877,1.6886596960431506,43.20009452793076,86.5364641959057,340.3010997843783,ff,0.497395,0.5120939999999999,0.5047445,8.89683,ngspice,ngspice-46 : Circuit level simulation program,gf180mcu-pdk/libraries/gf180mcu_fd_pr/latest/models/ngspice/sm141064.ngspice,nmos_3p3,pmos_3p3,off,0,0,3,SPICE_GF180MCU,ok,results/online_spice_deterministic/runs/seed_3/corner_ff/cell_balanced_space_filling/netlists/4304048_XOR2.cir,results/online_spice_deterministic/runs/seed_3/corner_ff/cell_balanced_space_filling/logs/4304048_XOR2.log,93,3,3,ff,cell_balanced_space_filling,48.0,12.0,0.8788067080022302,0.8792139703853434,1.0,0.8792139703853434,existing_online_query
6300094,XOR2,A1_to_Z_A2_held_1,4.4469951053900765,0.28,2.2285590690616135,1.9664186160524748,5.795831124576928,56.39943541343453,243.607156609864,ff,0.172066,0.19559500000000002,0.1838305,12.5398,ngspice,ngspice-46 : Circuit level simulation program,gf180mcu-pdk/libraries/gf180mcu_fd_pr/latest/models/ngspice/sm141064.ngspice,nmos_3p3,pmos_3p3,off,0,0,3,SPICE_GF180MCU,ok,results/online_spice_deterministic/exhaustive_reference/seed_3/corner_ff/netlists/6300094_XOR2.cir,results/online_spice_deterministic/exhaustive_reference/seed_3/corner_ff/logs/6300094_XOR2.log,94,3,3,ff,exhaustive_reference_completion,,,1.021940833015833,,,,new_completion_query
4301032,XOR2,A1_to_Z_A2_held_1,3.602655612986238,0.28,1.6608052070581203,1.7858739504189995,32.28945402232668,50.57092742622221,73.47822477373842,ff,0.159803,0.226555,0.193179,8.12319,ngspice,ngspice-46 : Circuit level simulation program,gf180mcu-pdk/libraries/gf180mcu_fd_pr/latest/models/ngspice/sm141064.ngspice,nmos_3p3,pmos_3p3,off,0,0,3,SPICE_GF180MCU,ok,results/online_spice_deterministic/runs/seed_3/corner_ff/cell_balanced_random/netlists/4301032_XOR2.cir,results/online_spice_deterministic/runs/seed_3/corner_ff/cell_balanced_random/logs/4301032_XOR2.log,95,3,3,ff,cell_balanced_random,32.0,8.0,0.8887640410102904,,0.0342690877277589,0.6528712613855252,existing_online_query
